da_prerequisito,a_nodo
A1.1.1,A1.1.2
A1.1.2,A1.1.3
A1.1.3,A1.1.4
A1.1.4,A1.1.5
A1.2.1,A1.1.5
A1.1.2,A1.2.1
A1.2.1,A1.2.2
A1.1.4,A1.2.3
A1.2.1,A1.2.3
A1.2.3,A1.2.4
A3.3.1,A1.2.4
A1.2.4,A1.2.5
A1.2.5,A1.2.6
A3.3.5,A1.2.6
A1.1.1,A1.3.1
A1.3.1,A1.3.2
A1.3.2,A1.3.3
A1.3.3,A1.3.4
A1.1.2,A1.3.5
A1.3.4,A1.3.5
A1.3.1,A1.4.1
A1.3.5,A1.4.2
A1.4.1,A1.4.2
A1.2.1,A1.4.3
A1.4.2,A1.4.3
A1.3.3,A1.4.4
A1.4.2,A1.4.4
A1.4.2,A1.4.5
A1.1.2,A1.5.1
A1.5.1,A1.5.2
A1.5.2,A1.5.3
A1.5.2,A1.5.4
A1.2.1,A1.5.5
A1.5.1,A1.5.5
A2.1.1,A2.1.2
A2.1.2,A2.1.3
A2.1.3,A2.1.4
A2.1.4,A2.1.5
A2.1.5,A2.1.6
A2.1.4,A2.1.7
A2.1.6,A2.1.8
A2.1.4,A2.2.1
A3.1.1,A2.2.1
A2.2.1,A2.2.2
A2.2.2,A2.2.3
A2.2.2,A2.2.4
A3.3.1,A2.2.4
A2.1.6,A2.2.5
A2.2.4,A2.2.5
A2.1.7,A2.3.1
A2.3.1,A2.3.2
A2.3.1,A2.3.3
A1.5.5,A2.3.4
A2.3.2,A2.3.4
A2.3.4,A2.3.5
A3.5,A2.3.5
A2.3.4,A2.3.6
A2.2.4,A2.4.1
A2.1.7,A2.4.2
A2.4.1,A2.4.2
A2.4.2,A2.4.3
A2.4.3,A2.4.4
F4.2,A2.4.4
A2.3.4,A2.5.1
A2.4.2,A2.5.1
A2.5.1,A2.5.2
F4.2,A2.5.2
A2.1.4,A2.6.1
A2.1.4,A2.6.2
A3.3.1,A2.6.2
A2.2.4,A2.6.3
A2.6.3,A2.6.4
A2.4.2,A2.6.5
A3.1.1,A3.1.2
A2.1.2,A3.1.3
A3.1.1,A3.1.3
A3.1.3,A3.1.4
A3.1.4,A3.1.5
A3.1.4,A3.2.1
A3.2.1,A3.2.2
A3.2.2,A3.2.3
A3.2.2,A3.2.4
A3.2.2,A3.2.5
A3.2.1,A3.3.1
A3.3.1,A3.3.2
A3.3.1,A3.3.3
A3.1.4,A3.3.4
A3.3.3,A3.3.4
A1.3.1,A3.3.5
A3.3.1,A3.3.5
A3.1.1,A3.4.1
A3.3.2,A3.4.2
A3.4.1,A3.4.2
A2.3.3,A3.4.3
A3.4.2,A3.4.3
A3.3.1,A3.5
A1.2.1,A4.1.1
A3.1.2,A4.1.1
A3.3.5,A4.1.2
A4.1.1,A4.1.2
A4.1.2,A4.1.3
A4.1.1,A4.1.4
A3.1.3,A4.1.5
A4.1.2,A4.1.5
A4.1.3,A4.1.6
A6.1.5,A4.1.6
A3.5,A4.2.1
A1.5.5,A4.2.2
A1.5.4,A4.2.3
A4.2.1,A4.2.3
A1.2.5,A4.2.4
A4.2.1,A4.2.4
A4.2.1,A4.2.5
A3.2.1,A4.3.1
A4.3.1,A4.3.2
A4.3.2,A4.3.3
A3.2.4,A4.3.4
A4.3.2,A4.3.4
A4.3.2,A4.3.5
A4.3.2,A4.3.6
A4.3.2,A4.3.7
A4.3.2,A4.3.8
A7.3.1,A4.3.8
A3.3.1,A4.4.1
A1.4.2,A4.4.2
A4.4.1,A4.4.2
A4.4.2,A4.4.3
A1.5.4,A4.4.4
A4.4.3,A4.4.4
A3.2.4,A4.4.5
A4.4.1,A4.4.5
A4.4.3,A4.4.6
A1.1.4,A5.1.1
A5.1.1,A5.1.2
A5.1.2,A5.1.3
A6.1.2,A5.1.3
A5.1.2,A5.1.4
A5.1.2,A5.1.5
A5.1.3,A5.1.6
A5.1.5,A5.1.6
A5.1.6,A5.1.7
A1.5.3,A5.1.8
A5.1.5,A5.1.8
A5.1.2,A5.2.1
A5.1.6,A5.2.2
A6.1.2,A5.2.2
A5.2.2,A5.2.3
A5.1.3,A5.2.4
A5.2.1,A5.2.4
A5.1.7,A5.3.1
A5.2.2,A5.3.1
A5.2.4,A5.3.2
A5.3.1,A5.3.2
A5.3.1,A5.3.3
A7.2.2,A5.3.3
A1.5.4,A5.4.1
A6.1.2,A5.4.1
A5.2.1,A5.4.2
A5.4.1,A5.4.2
A5.3.1,A5.4.3
A5.4.2,A5.4.3
A5.4.2,A5.4.4
A1.2.5,A6.1.1
A3.3.1,A6.1.1
A6.1.1,A6.1.2
A6.1.1,A6.1.3
A6.1.3,A6.1.4
A4.2.2,A6.1.5
A6.1.3,A6.1.5
A6.1.4,A6.2.1
A6.2.1,A6.2.2
A6.2.2,A6.2.3
A5.1.2,A6.2.4
A6.2.2,A6.2.4
A6.2.3,A6.2.5
A6.2.4,A6.2.5
A4.3.4,A6.2.6
A6.2.2,A6.2.6
A6.1.5,A6.2.7
A6.2.2,A6.2.7
A6.1.4,A6.3.1
A6.2.2,A6.3.2
A6.3.1,A6.3.2
A6.2.4,A6.3.3
A6.3.2,A6.3.3
A1.2.4,A6.4.1
A6.2.1,A6.4.1
A6.3.2,A6.4.2
A6.4.1,A6.4.2
A5.3.1,A6.4.3
A6.4.2,A6.4.3
A10.1.1,A6.4.4
A6.4.1,A6.4.4
A6.2.4,A6.4.5
A6.4.2,A6.4.5
A5.4.1,A6.4.6
A6.4.2,A6.4.6
A6.1.2,A6.5.1
A5.4.1,A6.5.2
A6.3.2,A6.5.2
A6.5.1,A6.5.2
A6.5.2,A6.5.3
A6.5.3,A6.5.4
E8.1,A6.5.4
E8.2,A6.5.4
E8.3,A6.5.4
E8.4,A6.5.4
E8.5,A6.5.4
E8.6,A6.5.4
E8.7,A6.5.4
A6.5.3,A6.5.5
A6.5.4,A6.5.6
A6.5.3,A6.5.7
A7.1.1,A7.1.2
A7.1.2,A7.1.3
A1.2.3,A7.1.4
A7.1.3,A7.1.4
A7.1.4,A7.1.5
A7.1.5,A7.1.6
A3.1.3,A7.2.1
A4.1.2,A7.2.2
A7.2.1,A7.2.2
A7.2.2,A7.2.3
A7.2.3,A7.2.4
A1.4.1,A7.2.5
A7.2.2,A7.2.5
A7.2.3,A7.2.6
A4.1.3,A7.3.1
A7.2.3,A7.3.1
A7.1.4,A7.3.2
A7.3.1,A7.3.2
A6.3.1,A7.3.3
A7.3.2,A7.3.3
A7.3.3,A7.3.4
A6.3.3,A7.3.5
A7.3.3,A7.3.5
A7.3.4,A7.3.6
A7.3.4,A7.4.1
A7.4.1,A7.4.2
A6.2.3,A7.4.3
A7.4.1,A7.4.3
A7.2.4,A7.4.4
A7.4.3,A7.4.4
A7.4.2,A7.4.5
A7.4.1,A7.4.6
A5.1.6,A7.5.1
A7.2.3,A7.5.1
A5.3.3,A7.5.2
A7.5.1,A7.5.2
A7.5.1,A7.5.3
A7.3.3,A7.5.4
A7.5.1,A7.5.4
A7.3.2,A7.5.5
A7.5.1,A7.5.5
A7.4.3,A7.5.6
A7.5.1,A7.5.6
A1.2.5,A8.1.1
A7.2.2,A8.1.1
A7.3.2,A8.1.2
A8.1.1,A8.1.2
A7.2.3,A8.1.3
A8.1.2,A8.1.3
A8.1.2,A8.1.4
A3.1.5,A8.2.1
A4.3.3,A8.2.1
A8.2.1,A8.2.2
A8.1.2,A8.2.3
A8.2.2,A8.2.3
A8.1.2,A8.2.4
A8.2.1,A8.2.4
A7.3.1,A8.3.1
A8.1.2,A8.3.1
A8.1.3,A8.3.2
A8.3.1,A8.3.2
A3.1.5,A8.3.3
A4.1.1,A8.3.3
A8.1.2,A8.4.1
A8.4.1,A8.4.2
A8.2.3,A8.4.3
A1.5.2,A9.1.1
A1.5.3,A9.1.2
A9.1.1,A9.1.2
A5.1.8,A9.1.3
A9.1.2,A9.1.3
A9.1.3,A9.1.4
E8.1,A9.1.4
E8.2,A9.1.4
E8.3,A9.1.4
E8.4,A9.1.4
E8.5,A9.1.4
E8.6,A9.1.4
E8.7,A9.1.4
A4.3.2,A9.1.5
A9.1.1,A9.1.5
A6.2.5,A9.2.1
A9.2.1,A9.2.2
A7.3.2,A9.2.3
A9.2.1,A9.2.3
A9.2.2,A9.2.4
A9.1.1,A9.3.1
A7.2.2,A9.3.2
A9.3.1,A9.3.2
A7.2.5,A9.3.3
A9.3.1,A9.3.3
A3.2.4,A9.3.4
A9.1.1,A9.3.4
A7.3.2,A9.4.1
A9.4.1,A9.4.2
A9.4.2,A9.4.3
A1.1.4,A10.1.1
A10.1.1,A10.1.2
B2.5.5,A10.1.2
A10.1.2,A10.1.3
A6.2.1,A10.1.3
A10.1.2,A10.1.4
A10.1.2,A10.1.5
A6.1.4,A10.2.1
A6.2.1,A10.2.1
A1.5.4,A10.2.2
A5.1.8,A10.2.2
A10.1.1,A10.2.3
A6.3.1,A10.2.3
A10.2.1,A10.2.4
A6.2.2,A10.2.5
A10.2.3,A10.2.6
A10.2.3,A10.2.7
A10.1.3,A10.3.1
A5.1.8,A10.3.1
A10.3.1,A10.3.2
E6.1.1,A10.3.2
E6.1.2,A10.3.2
E6.1.3,A10.3.2
E6.1.4,A10.3.2
E6.1.5,A10.3.2
E6.1.6,A10.3.2
E6.1.7,A10.3.2
A10.3.1,A10.3.3
A5.3.1,A10.3.3
A1.4.4,A11.1
A7.2.3,A11.1
A1.3.3,A11.2
A1.4.3,A11.2
A1.4.3,A11.3
A4.4.2,A11.3
A11.2,A11.4
A5.2.1,A11.4
B1.1,B1.2
A1.1.3,B1.3
B1.2,B1.3
A3.1.1,B1.4
B1.1,B1.4
A4.1.1,B1.5
B1.4,B1.5
B1.5,B1.6
B1.3,B1.7
B1.2,B1.8
B1.5,B1.9
B1.4,B1.10
A1.1.1,B2.1.1
A1.2.1,B2.1.1
A1.2.2,B2.1.2
B2.1.1,B2.1.2
B2.1.2,B2.1.3
A1.3.1,B2.1.4
B2.1.2,B2.1.4
B2.1.3,B2.1.5
B2.1.4,B2.1.5
A1.1.3,B2.1.6
B2.1.5,B2.1.6
B2.1.1,B2.1.7
B2.1.1,B2.1.8
B2.1.5,B2.2.1
B2.2.1,B2.2.2
B2.2.2,B2.2.3
B2.2.2,B2.2.4
B2.1.2,B2.3.1
B2.3.1,B2.3.2
B2.3.1,B2.3.3
B2.3.1,B2.3.4
B3.1,B2.3.4
A2.1.3,B2.3.5
B2.1.2,B2.3.5
B2.3.4,B2.4.1
B2.4.1,B2.4.2
A1.4.1,B2.4.3
B2.4.2,B2.4.3
B2.3.2,B2.4.4
B2.4.3,B2.4.4
B2.4.3,B2.4.5
B2.4.3,B2.4.6
B2.4.4,B2.4.7
B2.1.6,B2.5.1
A1.1.5,B2.5.2
B2.4.5,B2.5.2
B2.5.1,B2.5.2
B2.5.2,B2.5.3
B2.5.3,B2.5.4
B2.5.3,B2.5.5
B2.5.3,B2.5.6
B2.1.5,B2.6.1
B2.1.2,B2.6.2
B2.3.4,B2.6.3
B3.1,B2.6.4
B1.5,B3.1
A1.1.5,B3.2
A1.2.2,B3.2
B3.1,B3.2
B3.2,B3.3
B3.2,B3.4
B3.2,B3.5
B1.4,B4.1
B2.1.4,B4.2
B4.1,B4.2
B4.2,B4.3
B2.2.1,B4.4
B4.3,B4.4
B2.3.5,B4.5
B4.4,B4.5
B2.6.4,B4.6
B4.5,B4.6
B4.5,B4.7
B4.5,B4.8
B4.4,B4.9
B4.4,B4.10
B4.1,B4.11
B4.2,B4.12
B5.1.1,B5.1.2
B3.1,B5.2.1
B5.1.2,B5.2.1
B5.1.2,B5.2.2
B5.2.1,B5.2.3
A7.1.3,B5.2.4
B5.2.1,B5.2.4
B5.2.1,B5.2.5
A4.1.1,B5.3.1
B5.2.1,B5.3.1
B5.3.1,B5.3.2
B2.2.3,B5.3.3
B5.2.1,B5.3.3
B5.2.1,B5.4.1
A1.2.4,B5.4.2
B5.4.1,B5.4.2
B5.2.3,B5.4.3
B5.4.1,B5.4.4
B5.3.1,B6.1
B6.1,B6.2
B3.2,B6.3
B6.1,B6.3
B6.1,B6.4
B6.4,B6.5
B6.3,B6.6
B9.1.1,B6.6
B11.3,B6.7
B6.4,B6.7
B11.6,B6.8
B6.6,B6.8
B6.2,B6.9
B6.6,B6.10
B1.3,B7.2
B7.1,B7.2
B3.1,B7.3
B7.2,B7.3
A6.1.2,B7.4
B7.2,B7.4
B3.2,B7.5
B7.3,B7.5
B7.5,B7.6
B9.1.1,B7.6
B1.4,B7.7
A1.2.5,B7.8
B7.1,B7.8
B6.1,B8.1
B3.4,B8.2
B6.3,B8.2
B8.1,B8.2
B8.2,B8.3
B9.2.1,B8.3
B7.6,B8.4
B8.3,B8.4
B8.4,B8.5
B4.5,B8.6
B8.4,B8.6
B3.2,B9.1.1
B9.1.1,B9.1.2
A8.2.4,B9.1.3
B9.1.1,B9.1.3
B9.1.2,B9.1.4
A4.1.4,B9.1.5
B9.1.1,B9.1.5
B9.1.4,B9.1.6
B9.1.1,B9.2.1
B7.3,B9.2.2
B9.2.1,B9.2.2
A6.5.6,B9.2.3
B9.2.2,B9.2.3
A6.5.6,B9.2.4
B9.2.2,B9.2.4
B9.2.1,B9.2.5
B9.2.3,B9.2.6
O5.1.1,B9.2.6
O5.1.2,B9.2.6
O5.1.3,B9.2.6
O5.1.4,B9.2.6
O5.1.5,B9.2.6
O5.1.6,B9.2.6
O5.1.7,B9.2.6
O5.1.8,B9.2.6
O5.2.1,B9.2.6
O5.2.2,B9.2.6
O5.2.3,B9.2.6
O5.3.1,B9.2.6
O5.3.2,B9.2.6
O5.4.1,B9.2.6
O5.4.2,B9.2.6
O5.4.3,B9.2.6
O5.4.4,B9.2.6
O5.5,B9.2.6
O5.6,B9.2.6
B9.2.5,B9.2.7
B1.5,B10.1.1
A2.1.3,B10.1.2
B10.1.1,B10.1.2
B10.1.2,B10.1.3
A1.4.1,B10.1.4
B10.1.1,B10.1.4
B10.1.2,B10.1.5
A1.5.4,B10.2.1
B10.1.4,B10.2.1
B2.3.5,B10.2.1
B10.2.1,B10.2.2
A8.3.3,B10.3.1
B10.1.2,B10.3.2
B10.3.1,B10.3.2
A4.4.4,B10.3.3
B10.3.2,B10.3.3
A8.3.2,B10.3.4
B10.3.2,B10.3.4
B10.3.2,B10.3.5
B1.1,B11.1
B11.1,B11.2
B4.2,B11.2
A4.3.3,B11.3
B11.1,B11.3
B11.1,B11.4
B11.4,B11.5
B1.1,B11.6
B11.3,B11.7
B11.4,B11.7
B11.4,B11.8
B2.6.4,B11.8
B11.1,B11.9
B11.2,B11.10
B10.1.4,B12.1
B10.1.2,B12.2
B12.1,B12.2
B10.1.4,B12.3
B12.1,B12.4
B2.2.1,B12.5
B4.2,B13.1
B4.4,B13.2
B6.4,B13.2
B13.2,B13.3
B11.3,B13.4
B13.1,B13.4
B9.1.4,B13.4
B13.1,B13.5
B13.5,B13.6
B13.4,B13.7
B13.4,B13.8
N3.4.1,B13.8
B13.1,B13.9
B13.5,B13.10
B13.2,B13.11
B13.2,B13.12
A1.1.5,C1.1
C1.1,C1.3
C1.2,C1.3
A1.5.2,C1.4
C1.3,C1.4
C1.4,C1.5
C1.4,C1.6
A1.5.3,C1.7
C1.6,C1.7
C1.3,C1.8
C1.4,C1.9
C1.3,C1.10
C1.4,C2.1
C1.4,C2.2
A1.2.4,C2.3
C2.1,C2.3
C2.2,C2.3
A6.4.2,C2.4
C2.3,C2.4
C1.6,C2.5
C2.1,C2.5
C1.2,C3.1
C3.1,C3.2
C1.8,C3.3
C3.2,C3.3
C3.3,C3.4
C3.3,C3.5
C1.3,C4.1
C3.3,C4.2
C3.2,C4.3
C4.1,C4.3
C4.2,C4.4
C4.1,C4.5
C4.1,C5.1
D1.2,C5.1
C4.3,C5.2
C5.1,C5.2
A2.1.8,C5.3
C5.2,C5.3
C5.1,C5.4
C1.5,C5.5
C2.2,C5.5
C5.2,C5.5
C5.4,C5.6
C1.7,C6.1
C6.1,C6.2
A6.5.1,C6.3
C2.3,C6.3
C2.4,C6.4
B7.2,C7.1
B7.3,C7.1
C6.2,C7.1
C7.1,C7.2
C7.1,C7.3
C4.1,C8.1
C3.2,C8.2
C8.1,C8.2
C8.2,C8.3
C8.3,C8.4
A7.2.2,C8.5
C8.3,C8.5
C8.1,C8.6
A1.2.2,C9.1
C8.1,C9.1
C5.5,C9.2
C9.1,C9.2
C9.2,C9.3
C8.4,C9.4
C9.3,C9.4
C9.1,C9.5
C15.2,C9.6
C9.2,C9.6
B1.6,C10.1
C10.1,C10.2
C2.2,C10.2
C4.1,C10.2
C10.1,C10.3
C4.3,C10.3
C10.1,C10.4
C10.3,C10.5
C10.1,C10.6
C10.4,C10.7
C10.3,C10.8
C11.1,C11.2
B6.2,C11.3
C11.1,C11.3
B5.2.2,C11.4
C11.1,C11.4
B3.4,C11.5
C11.1,C11.5
C11.1,C11.6
C11.5,C11.7
D2.9,C12.1
D3.8,C12.1
C12.1,C12.2
C12.2,C12.3
G1.1,C12.3
G1.10,C12.3
G1.11,C12.3
G1.12,C12.3
G1.13,C12.3
G1.14,C12.3
G1.15,C12.3
G1.16,C12.3
G1.2,C12.3
G1.3,C12.3
G1.4,C12.3
G1.5,C12.3
G1.6,C12.3
G1.7,C12.3
G1.8,C12.3
G1.9,C12.3
C12.3,C12.4
C12.2,C12.5
D12.1,C12.5
D12.2,C12.5
D12.3,C12.5
D12.4,C12.5
D12.5,C12.5
C1.5,C13.1
C13.1,C13.2
C5.5,C13.3
C13.1,C13.4
C1.8,C13.5
C3.3,C13.5
B7.1,C14.1
C1.3,C14.2
C14.1,C14.2
C14.1,C14.3
C14.1,C14.4
B7.8,C14.5
C14.2,C14.5
B1.6,C14.6
C14.2,C14.6
C14.1,C15.1
C15.1,C15.2
A7.2.2,C15.3
C15.2,C15.3
C15.3,C15.4
A5.4.2,C15.5
C15.3,C15.5
C12.4,C16.1
C8.3,C16.1
C16.1,C16.2
C16.2,C16.3
F9.1,C16.3
F9.2,C16.3
F9.3,C16.3
F9.4,C16.3
F9.5,C16.3
F9.6,C16.3
F9.7,C16.3
C16.1,C16.4
C16.1,C16.5
D6.1,C16.5
D6.2,C16.5
D6.3,C16.5
D6.4,C16.5
D6.5,C16.5
D6.6,C16.5
D6.7,C16.5
D6.8,C16.5
A7.3.2,C17.1
C1.3,C17.1
C17.1,C17.2
C8.3,C17.2
C10.2,C17.3
C17.1,C17.3
B10.3.5,C17.4
C17.1,C17.4
C10.8,C18.1
C9.4,C18.1
C10.8,C18.2
C15.4,C18.2
C4.3,C18.3
C9.6,C18.3
C8.3,C18.4
C14.3,C18.5
C8.3,C18.5
A2.1.4,D1.1
A2.1.3,D1.2
D1.1,D1.2
A2.1.5,D1.3
D1.2,D1.3
D1.3,D1.4
A2.1.6,D1.5
D1.3,D1.5
D1.5,D1.6
D1.6,D1.7
D1.6,D1.8
D1.2,D2.1
D1.2,D2.2
D2.1,D2.3
B2.6.1,D2.4
D2.1,D2.4
D2.1,D2.5
B2.3.1,D2.6
D2.1,D2.6
D2.6,D2.7
B2.4.4,D2.8
D2.7,D2.8
D2.3,D2.9
D2.8,D2.9
B2.3.3,D2.10
D2.7,D2.10
C5.5,D2.11
D2.7,D2.11
C5.1,D2.12
D2.1,D2.12
D2.1,D3.1
D3.1,D3.2
D3.2,D3.3
D3.3,D3.4
B2.1.2,D3.5
D3.3,D3.5
D3.4,D3.6
F1.1,D3.6
D1.6,D3.7
D3.6,D3.7
D2.4,D3.8
D3.4,D3.8
D3.3,D3.9
B1.4,D4.1
D4.1,D4.2
D4.2,D4.3
D4.2,D4.4
D4.2,D4.5
D4.2,D5.1
D5.1,D5.2
D3.6,D5.3
D5.2,D5.3
D2.9,D5.4
D3.8,D5.4
D5.2,D5.4
D3.3,D5.5
D5.2,D5.5
D5.3,D5.6
D5.4,D5.6
B2.2.2,D6.1
D5.2,D6.1
D6.1,D6.2
D6.2,D6.3
D6.1,D6.4
D6.3,D6.5
D6.5,D6.6
D6.3,D6.7
E6.3.1,D6.7
B2.6.4,D6.8
D6.1,D6.8
D6.2,D7.1
D7.1,D7.2
E3.4,D7.2
D6.3,D7.3
D7.2,D7.3
D6.7,D7.4
D7.3,D7.4
D7.1,D7.5
D7.4,D7.6
A1.2.2,D8.1
D4.2,D8.1
C10.1,D8.2
D8.1,D8.2
D8.2,D8.3
B2.3.5,D8.4
D8.3,D8.4
D8.4,D8.5
A7.3.2,D8.6
D8.4,D8.6
D8.4,D8.7
D11.1,D8.8
D8.4,D8.8
D4.2,D9.1
D9.1,D9.2
D9.2,D9.3
D9.3,D9.4
C11.5,D9.5
D9.1,D9.5
D8.1,D9.6
D9.1,D9.6
D5.5,D10.1
D5.4,D10.2
D10.2,D10.3
D10.3,D10.4
D10.3,D10.5
D10.4,D10.6
D10.5,D10.6
D10.5,D10.7
C9.3,D11.1
D8.2,D11.1
D4.2,D11.2
D11.2,D11.3
D6.2,D11.3
D11.1,D11.4
D11.2,D11.4
D11.1,D11.5
A6.5.5,D12.1
D6.5,D12.1
A5.1.6,D12.2
D11.4,D12.2
D12.2,D12.3
C12.2,D12.4
D12.2,D12.4
C18.1,D12.5
D12.3,D12.5
D4.2,D13.1
C11.7,D13.2
C7.1,D13.2
D13.1,D13.2
D13.1,D13.3
D6.6,D13.3
C13.1,D13.4
D13.1,D13.4
E1.1,E1.2
E1.1,E1.3
E1.1,E1.4
E1.2,E1.5
E1.5,E1.6
E1.5,E1.7
E1.5,E1.8
E1.2,E1.9
E1.5,E2.1
E2.1,E2.2
E2.1,E2.3
E2.2,E2.4
E2.2,E2.5
E4.1,E2.5
E2.2,E2.6
E1.6,E3.1
A2.1.2,E3.2
E3.1,E3.2
A2.1.4,E3.3
E3.2,E3.3
E3.2,E3.4
E3.4,E3.5
E4.1,E3.5
E3.5,E3.6
E3.4,E3.7
E2.2,E3.8
E3.4,E3.8
E1.2,E3.9
E3.1,E3.9
E3.8,E3.10
E3.4,E3.11
E3.5,E3.12
E3.7,E3.13
E3.6,E3.14
E1.6,E4.1
B2.1.2,E4.2
B4.2,E4.2
E4.1,E4.2
A2.1.4,E4.3
E4.2,E4.3
E4.1,E4.4
E3.4,E4.5
E4.1,E4.5
E4.1,E4.6
E4.2,E4.7
E4.1,E4.8
E3.4,E4.9
E4.1,E4.10
L2.2,E4.10
A3.5,E5.1
E3.9,E5.1
A4.2.1,E5.2
E5.1,E5.2
E5.2,E5.3
E3.4,E5.4
E5.3,E5.4
E5.2,E5.5
E6.4.1,E5.5
E5.2,E5.6
A2.3.4,E5.7
E5.2,E5.7
E5.2,E5.8
E6.5.1,E5.8
E4.7,E6.1.1
E3.5,E6.1.2
E4.5,E6.1.2
E6.1.1,E6.1.2
E6.1.1,E6.1.3
E3.6,E6.1.4
E6.1.2,E6.1.4
B4.2,E6.1.5
E6.1.1,E6.1.5
E6.1.1,E6.1.6
E6.1.2,E6.1.7
E4.7,E6.2.1
E6.1.3,E6.2.2
E6.2.1,E6.2.2
E6.2.2,E6.2.3
E6.1.1,E6.3.1
A1.4.1,E6.3.2
E6.1.1,E6.3.2
E6.3.1,E6.3.3
E6.3.2,E6.3.3
E6.3.1,E6.3.4
E6.3.1,E6.3.5
E6.3.2,E6.3.5
E6.3.2,E6.3.6
A4.3.3,E6.4.1
E6.2.1,E6.4.1
E5.1,E6.4.2
E6.4.1,E6.4.2
E6.4.2,E6.4.3
E7.1.3,E6.4.3
E6.4.3,E6.4.4
E9.3,E6.4.4
E6.4.2,E6.4.5
E6.1.5,E6.4.6
E6.4.1,E6.4.6
E6.4.4,E6.4.7
E6.4.2,E6.4.8
E6.4.1,E6.4.9
A1.4.1,E6.5.1
E6.1.1,E6.5.1
A4.1.4,E6.5.2
E6.5.1,E6.5.2
E6.5.2,E6.5.3
E6.5.1,E6.5.4
A4.3.1,E6.6.1
E6.1.4,E6.6.1
A4.3.1,E6.6.2
E6.1.6,E6.6.2
E6.6.1,E6.6.3
E6.6.2,E6.6.3
E9.2,E6.6.3
A7.2.3,E6.7.1
E6.5.1,E6.7.1
A7.2.2,E6.7.2
E6.2.2,E6.7.2
E6.7.1,E6.7.3
E6.4.2,E6.8
E6.1.2,E7.1.1
E7.1.1,E7.1.2
E7.1.1,E7.1.3
E7.1.3,E7.1.4
E7.1.2,E7.1.5
E7.1.1,E7.1.6
E7.1.1,E7.1.7
E7.1.3,E7.1.8
E6.1.2,E7.2.1
E7.1.2,E7.2.2
E7.2.1,E7.2.2
E7.2.1,E7.2.3
E7.2.1,E7.2.4
E5.2,E7.2.5
E7.2.1,E7.2.5
E8.2,E7.2.5
E5.2,E7.2.6
E7.2.1,E7.2.6
E8.2,E7.2.6
E6.4.5,E7.2.7
E6.1.1,E7.2.8
E7.2.1,E7.2.8
E7.2.5,E7.2.9
E9.3,E7.2.9
E7.2.1,E7.2.10
E7.2.4,E7.2.11
E7.2.4,E7.2.12
E6.3.2,E7.3.1
E6.6.2,E7.3.1
E5.1,E7.3.2
E6.3.1,E7.3.2
E6.6.2,E7.3.2
A4.3.4,E7.3.3
E7.3.2,E7.3.3
E6.4.5,E7.3.4
E7.3.1,E7.3.4
E7.3.4,E7.3.5
E8.5,E7.3.5
E6.4.9,E7.3.6
E8.3,E7.3.6
E7.3.1,E7.3.7
E7.3.2,E7.3.8
E7.3.4,E7.3.9
E3.6,E7.4.1
E6.1.5,E7.4.1
E7.4.1,E7.4.2
E9.2,E7.4.2
E6.5.1,E7.4.3
E7.4.1,E7.4.3
E8.5,E7.4.4
E8.5,E7.4.5
E6.1.5,E7.4.6
E6.4.6,E7.4.7
E7.2.6,E7.4.7
A1.3.4,E7.5.1
E3.4,E7.5.1
E3.5,E7.5.2
B2.6.3,E7.5.3
E8.2,E7.5.3
A5.1.6,E7.5.4
E8.2,E7.5.4
A5.1.4,E7.5.5
E7.5.1,E7.5.6
E7.5.1,E7.5.7
E3.6,E8.1
E5.2,E8.2
E7.2.1,E8.3
E5.6,E8.4
E5.8,E8.5
E8.2,E8.5
E8.4,E8.6
E8.1,E8.7
A2.3.6,E9.1
E3.4,E9.1
E3.6,E9.2
A1.2.6,E9.3
A6.1.3,E9.3
E9.2,E9.3
A7.3.2,E9.4
E9.3,E9.4
A4.2.4,E9.5
E5.2,E9.5
E9.3,E9.5
E9.3,E9.6
E6.1.3,E9.7
E9.3,E9.7
E9.2,E9.8
E9.3,E9.9
A1.2.6,E9.10
E9.2,E9.10
A1.2.6,E9.11
A7.3.2,E10.1
E9.4,E10.1
E8.3,E10.2
F5.4,E10.2
E9.3,E10.3
E6.7.3,E10.4
F5.4,E10.5
D8.1,E10.6
D8.2,E10.6
D8.3,E10.6
D8.4,E10.6
D8.5,E10.6
D8.6,E10.6
D8.7,E10.6
D8.8,E10.6
E9.3,E10.6
E9.3,E11.1
A4.4.1,E11.2
E11.1,E11.2
E11.1,E11.3
E7.2.5,E11.3
E11.1,E11.4
E7.3.1,E11.4
E11.2,E11.5
E7.5.5,E12.1
E12.1,E12.2
E7.2.5,E12.2
E12.1,E12.3
E6.4.4,E12.3
E12.2,E12.4
A5.1.3,E12.5
E6.4.3,E12.5
A3.1.5,F1.1
A4.3.1,F1.1
A3.1.2,F1.2
F1.1,F1.2
F1.1,F1.3
F1.2,F1.4
F1.3,F1.4
A3.2.3,F1.5
F1.1,F1.5
A2.3.3,F1.6
F1.1,F1.6
F1.4,F1.7
F1.3,F1.8
F1.1,F1.9
A3.1.5,F2.1
A3.5,F2.1
F2.1,F2.2
A4.3.3,F2.3
F2.1,F2.3
F1.4,F2.4
F2.1,F2.4
F2.3,F2.5
E6.3.1,F2.6
F1.2,F2.6
F2.5,F2.6
E8.5,F2.7
F2.5,F2.7
F1.6,F2.8
F2.5,F2.8
F2.4,F2.9
F2.1,F2.10
F1.1,F3.1
F3.1,F3.2
F3.2,F3.3
F3.1,F3.4
F6.1,F3.4
F3.3,F3.5
F3.5,F3.6
A3.4.3,F4.1
F3.1,F4.1
A2.3.3,F4.2
F3.3,F4.2
F4.1,F4.2
F4.2,F4.3
E8.7,F4.4
F4.3,F4.4
F4.4,F4.5
F4.4,F4.6
F4.2,F4.7
E9.3,F5.1
F3.1,F5.1
F5.1,F5.2
A2.1.6,F5.3
F4.4,F5.3
F5.2,F5.3
A9.1.5,F5.4
F5.3,F5.4
E9.9,F5.5
F5.3,F5.6
E10.1,F5.7
F5.2,F5.7
F5.4,F5.8
F5.3,F5.9
D2.1,F5.10
D2.10,F5.10
D2.11,F5.10
D2.12,F5.10
D2.2,F5.10
D2.3,F5.10
D2.4,F5.10
D2.5,F5.10
D2.6,F5.10
D2.7,F5.10
D2.8,F5.10
D2.9,F5.10
F5.1,F5.10
A3.3.4,F6.1
F6.1,F6.2
F6.2,F6.3
E5.1,F6.4
F6.3,F6.4
F6.2,F6.5
F6.2,F6.6
A3.1.1,F7.1
E4.2,F7.1
F6.6,F7.2
F7.1,F7.2
F7.2,F7.3
A3.5,F7.4
F7.1,F7.4
F7.2,F7.5
F7.2,F7.6
A2.6.5,F7.7
F7.6,F7.7
F7.2,F7.8
F2.3,F8.1
F6.2,F8.2
F8.1,F8.2
A3.2.4,F8.3
F8.1,F8.3
A2.3.6,F8.4
E9.1,F8.4
F8.1,F8.4
F8.4,F8.5
A2.2.2,F9.1
H11.1,F9.1
H11.2,F9.1
H11.3,F9.1
H11.4,F9.1
H11.5,F9.1
H11.6,F9.1
A2.6.4,F9.2
F1.1,F9.2
F7.7,F9.3
F8.4,F9.3
F14.3,F9.4
F9.1,F9.4
F4.5,F9.5
F8.3,F9.5
F9.2,F9.6
F13.3,F9.7
F9.2,F9.7
A8.1.2,F10.1
F3.3,F10.1
F10.1,F10.2
F10.1,F10.3
F4.2,F10.3
A8.4.3,F10.4
F10.1,F10.4
A7.2.5,F11.1
F5.2,F11.1
F11.1,F11.2
F11.1,F11.3
F5.7,F11.3
A9.4.2,F11.4
F5.3,F11.4
A9.4.2,F11.5
F11.4,F11.6
A7.3.6,F12.1
F5.1,F12.1
F12.1,F12.2
F12.1,F12.3
F12.1,F12.4
A4.3.1,F13.1
F13.1,F13.2
F1.1,F13.3
F8.2,F13.3
F13.3,F13.4
F13.3,F13.5
F13.3,F13.6
I3.1,F13.6
I3.2,F13.6
I3.3,F13.6
I3.4,F13.6
I3.5,F13.6
I3.6,F13.6
I3.7,F13.6
I3.8,F13.6
A2.1.6,F14.1
E8.4,F14.2
F14.1,F14.2
A2.2.4,F14.3
F14.2,F14.3
E8.4,F14.4
F14.1,F14.4
F14.4,F14.5
A7.3.1,F14.6
F14.1,F14.6
E2.3,G1.1
G1.1,G1.2
G1.2,G1.3
E4.2,G1.4
G1.2,G1.4
E4.3,G1.5
G1.4,G1.5
E4.4,G1.6
G1.4,G1.6
E3.5,G1.7
G1.5,G1.7
E3.9,G1.8
G1.7,G1.8
G1.8,G1.9
G1.9,G1.10
G1.2,G1.11
E2.5,G1.12
G1.3,G1.12
B11.2,G1.13
G1.7,G1.13
G1.3,G1.14
G1.8,G1.14
G1.8,G1.15
G1.7,G1.16
E2.4,G2.1.1
G2.1.1,G2.1.2
E3.5,G2.1.3
E4.1,G2.1.3
G2.1.1,G2.1.3
E3.9,G2.1.4
G2.1.3,G2.1.4
G2.1.2,G2.1.5
G2.1.3,G2.1.5
G1.1,G2.1.6
G2.1.4,G2.1.6
G1.2,G2.2.1
G1.4,G2.2.2
G2.2.1,G2.2.2
G1.7,G2.2.3
G2.2.2,G2.2.3
E6.1.5,G2.2.4
G2.2.3,G2.2.4
E6.1.1,G2.2.5
G2.2.3,G2.2.5
E6.1.6,G2.2.6
G2.2.5,G2.2.6
G1.8,G2.2.7
G2.2.3,G2.2.7
G2.2.5,G2.2.8
G2.2.7,G2.2.8
G1.13,G2.2.9
G1.14,G2.2.9
G2.2.7,G2.2.9
G1.15,G2.2.10
G2.2.7,G2.2.10
G2.2.7,G2.2.11
G3.2.1,G2.2.11
G2.2.3,G2.2.12
E6.1.4,G2.2.13
G2.2.10,G2.2.13
G2.2.7,G2.2.14
G3.3.3,G2.2.14
G2.2.7,G2.2.15
G6.1,G2.2.15
G1.7,G3.1.1
G1.8,G3.1.2
G3.1.1,G3.1.2
E3.8,G3.1.3
G3.1.2,G3.1.3
E6.3.5,G3.2.1
G1.8,G3.2.1
G3.2.1,G3.2.2
G3.2.2,G3.2.3
G3.2.3,G3.2.4
G3.2.4,G3.2.5
G3.2.5,G3.2.6
G3.2.4,G3.2.7
G3.2.2,G3.2.8
G3.2.5,G3.2.9
G3.2.2,G3.2.10
G3.2.3,G3.2.11
G3.2.3,G3.2.12
G3.2.4,G3.2.13
G1.14,G3.2.14
G3.2.4,G3.2.14
G3.2.5,G3.2.15
G1.8,G3.3.1
G3.1.1,G3.3.1
G3.3.1,G3.3.2
A3.3.3,G3.3.3
G3.3.1,G3.3.3
G1.9,G3.3.4
G3.3.3,G3.3.4
A4.4.1,G3.3.5
G3.3.3,G3.3.5
E5.4,G3.3.6
G3.3.1,G3.3.6
F7.4,G3.3.7
G3.3.6,G3.3.7
F6.5,G3.3.8
G3.3.4,G3.3.8
A3.3.4,G3.3.9
G3.3.4,G3.3.9
G3.3.7,G3.3.10
G6.4,G3.3.10
G3.3.5,G3.3.11
G3.3.5,G3.3.12
A2.2.2,G3.4.1
A2.2.5,G3.4.2
E8.4,G3.4.2
G3.4.1,G3.4.2
A3.2.5,G3.4.3
G3.4.1,G3.4.3
F14.4,G3.4.4
G3.4.2,G3.4.4
G3.1.1,G3.5.1
G3.5.1,G3.5.2
G3.5.1,G3.5.3
B11.5,G3.5.4
G3.5.1,G3.5.4
G1.8,G3.6.1
G3.2.1,G3.6.2
G3.6.1,G3.6.2
G3.3.5,G3.6.3
G3.6.1,G3.6.3
G3.6.1,G3.6.4
G1.8,G3.7.1
G3.7.1,G3.7.2
I2.4,G3.7.2
G3.7.2,G3.7.3
I3.3,G3.7.3
G3.6.1,G3.7.4
G3.7.1,G3.7.4
G3.7.1,G3.7.5
G3.7.1,G3.7.6
G3.7.3,G3.7.7
G2.2.13,G3.8.1
G3.8.1,G3.8.2
G3.6.1,G3.8.3
A4.3.4,G3.8.4
G3.8.1,G3.8.4
D8.1,G4.1
G1.4,G4.1
E5.3,G4.2
G4.1,G4.2
G4.1,G4.3
G4.2,G4.4
G4.3,G4.4
G4.4,G4.5
G4.2,G4.6
G3.2.2,G4.7
G4.4,G4.7
G4.3,G4.8
G4.4,G4.8
G4.8,G4.9
G1.7,G5.1.1
B2.4.6,G5.1.2
G5.1.1,G5.1.2
E6.1.1,G5.1.3
G5.1.2,G5.1.3
G4.3,G5.1.4
G5.1.3,G5.1.4
G5.1.2,G5.1.5
G4.4,G5.1.6
G5.1.4,G5.1.6
G5.1.1,G5.1.7
G5.1.6,G5.1.8
I1.1,G5.1.8
I1.2,G5.1.8
I1.3,G5.1.8
I1.4,G5.1.8
I1.5,G5.1.8
I1.6,G5.1.8
G5.1.4,G5.1.9
G5.1.4,G5.2.1
G3.2.2,G5.2.2
G5.2.1,G5.2.2
G5.2.2,G5.2.3
G6.5,G5.2.3
G5.2.3,G5.2.4
G4.7,G5.2.5
G5.2.2,G5.2.5
G1.15,G5.3.1
G4.8,G5.3.2
G5.3.1,G5.3.2
G3.3.7,G5.3.3
G5.3.1,G5.3.3
G5.3.3,G5.3.4
G6.5,G5.3.4
G3.7.3,G5.3.5
G5.3.2,G5.3.5
G5.1.4,G5.3.6
G5.3.2,G5.3.6
G5.3.4,G5.3.7
G3.2.1,G5.4.1
G5.4.1,G5.4.2
G5.4.1,G5.4.3
G6.5,G5.4.3
G1.14,G5.4.4
G5.4.1,G5.4.4
G3.6.2,G5.4.5
G5.4.1,G5.4.5
G3.3.5,G5.4.6
G5.4.3,G5.4.6
G1.7,G5.5.1
G3.3.4,G5.5.2
G5.5.1,G5.5.2
G3.2.9,G5.5.3
G5.5.1,G5.5.3
G3.7.4,G5.5.4
G5.5.2,G5.5.4
G1.15,G5.5.5
G5.5.1,G5.5.5
G5.5.1,G5.5.6
G6.1,G5.5.6
G3.2.6,G5.6.1
G3.7.6,G5.6.2
G5.6.1,G5.6.2
I7.1,G5.7.1
G5.7.1,G5.7.2
G1.7,G5.7.3
G5.7.2,G5.7.3
E7.4.6,G5.7.4
G5.7.2,G5.7.4
G3.2.1,G5.7.5
G5.7.1,G5.7.5
G5.7.3,G5.7.6
A7.1.1,G5.8.1
A7.1.2,G5.8.1
A7.1.3,G5.8.1
A7.1.4,G5.8.1
A7.1.5,G5.8.1
A7.1.6,G5.8.1
G1.7,G5.8.1
G1.8,G5.8.2
A5.1.6,G5.8.3
G1.7,G5.8.3
G2.2.1,G5.8.4
D2.1,G5.9.1
G1.1,G5.9.1
D3.3,G5.9.2
G5.9.1,G5.9.2
G2.2.10,G5.10.1
T3.4,G5.10.1
G5.10.1,G5.10.2
G1.8,G5.11
E4.2,G6.1
G1.4,G6.1
G6.1,G6.2
G3.2.6,G6.3
G6.1,G6.3
G6.1,G6.4
G3.2.5,G6.5
G6.1,G6.5
G3.3.7,G6.6
G6.1,G6.6
F7.6,G6.7
F7.8,G6.7
G6.5,G6.7
G1.2,G7.1.1
F1.8,G7.1.2
G7.1.1,G7.1.2
E5.1,G7.1.3
F2.5,G7.1.3
G7.1.2,G7.1.3
F2.6,G7.1.4
G7.1.3,G7.1.4
E6.4.8,G7.1.5
G7.1.3,G7.1.5
G7.1.1,G7.1.6
G7.1.2,G7.1.7
G7.1.2,G7.1.8
E6.5.4,G7.2.1
G6.1,G7.2.1
G7.1.5,G7.2.1
G7.2.1,G7.2.2
A4.3.6,G7.2.3
D7.4,G7.2.3
G7.2.2,G7.2.3
G7.2.2,G7.2.4
G7.2.4,G7.2.5
G7.1.5,G7.3.1
D6.1,G7.3.2
G7.3.1,G7.3.2
G7.2.4,G7.3.3
G7.3.2,G7.3.3
G7.1.5,G7.3.4
G4.6,G7.3.5
G7.3.2,G7.3.5
G7.3.1,G7.3.6
D7.5,G7.4.1
G7.4.1,G7.4.2
G7.4.2,G7.4.3
I4.1,G7.4.3
I4.2,G7.4.3
I4.3,G7.4.3
I4.4,G7.4.3
I4.5,G7.4.3
I4.6,G7.4.3
I4.7,G7.4.3
I4.8,G7.4.3
I4.9,G7.4.3
G3.2.1,G8.1
G7.1.5,G8.2
G8.1,G8.3
G7.1.3,G8.4
G3.3.11,G8.5
G8.2,G8.5
U1.10,G9.1
E3.8,G9.2
G9.1,G9.2
G3.2.1,G9.3
G9.2,G9.3
G9.3,G9.4
G9.4,G9.5
G9.1,G9.6
F3.6,G9.7
A7.4.4,G10.1
G1.8,G10.1
E1.5,G10.2
L2.2,G10.3
G1.3,G10.4
G2.1.3,G10.5
G5.8.4,G10.6
G1.8,H1.1
H1.1,H1.2
H1.2,H1.3
H1.2,H1.4
H1.2,H2.1
H2.1,H2.2
H2.2,H2.3
H2.3,H2.4
H2.3,H2.5
H2.3,H2.6
H2.3,H2.7
H2.1,H2.8
H2.4,H2.8
H1.2,H3.1
H3.1,H3.2
G3.2.4,H3.3
H3.1,H3.3
H3.1,H3.4
F1.1,H3.5
H3.1,H3.5
H3.3,H3.6
L3.4,H3.7
G8.3,H3.8
H3.3,H3.8
H3.3,H3.9
E6.3.5,H4.1
G1.15,H4.1
H4.1,H4.2
G3.2.6,H4.3
H4.2,H4.3
H4.3,H4.4
H4.3,H4.5
H4.3,H4.6
H4.2,H4.7
H4.3,H4.8
H4.2,H4.9
I5.2,H5.1
H5.1,H5.2
I7.1,H5.2
H5.2,H5.3
H5.2,H5.4
H5.3,H5.5
H5.4,H5.5
H5.5,H5.6
U4.4,H5.6
H5.2,H5.7
H5.1,H5.8
H1.2,H6.1
G1.8,H6.2
H6.1,H6.2
H6.2,H6.3
E3.3,H6.4
H6.3,H6.4
H6.2,H6.5
H6.2,H6.6
H6.5,H6.7
G1.12,H6.8
H5.5,H6.9
G1.11,H6.10
H4.8,H6.11
H6.7,H6.11
H6.3,H6.12
G5.1.7,H7.1
G1.15,H7.2
H5.4,H7.3
H6.7,H7.3
H7.3,H7.4
I9.4,H7.5
G3.5.4,H7.6
H7.4,H7.6
H7.2,H7.7
U11.2,H8.1
G1.11,H8.2
G1.11,H8.3
U4.4,H8.4
H12.1,H8.5
H8.1,H8.5
A4.3.4,H9.1
E7.3.3,H9.2
H9.1,H9.2
H9.1,H9.3
H9.1,H9.4
H9.1,H9.5
U11.1,H9.6
G1.3,H10.1
H10.1,H10.2
O6.7,H10.2
H10.1,H10.3
H6.2,H10.3
H10.1,H10.4
H1.2,H11.1
H11.1,H11.2
H11.1,H11.3
H11.2,H11.4
H11.4,H11.5
H11.4,H11.6
H4.2,H12.1
H12.1,H12.2
H12.2,H12.3
J10.5,H12.3
H12.2,H12.4
H4.7,H12.4
H12.2,H12.5
H12.3,H12.6
H1.2,H13.1
H5.3,H13.2
H13.1,H13.3
H13.3,H13.4
H13.1,H13.5
H4.8,H13.5
H7.4,H14.1
H14.1,H14.2
I11.4,H14.2
H14.2,H14.3
H14.2,H14.4
I12.5,H14.4
H14.4,H14.5
H6.1,H15.1
A4.3.2,H15.2
H15.1,H15.2
H15.1,H15.3
A7.4.2,H15.4
H15.3,H15.4
H15.3,H15.5
H1.2,H16.1
H16.1,H16.2
H16.1,H16.3
H13.5,H16.4
H16.1,H16.4
H11.1,H17.1
N1.1,H17.1
N1.2,H17.1
N1.3,H17.1
N1.4,H17.1
N1.5,H17.1
N1.6,H17.1
H17.1,H17.2
N6.1,H17.2
N6.2,H17.2
N6.3,H17.2
N6.4,H17.2
N6.5,H17.2
N6.6,H17.2
N6.7,H17.2
N6.8,H17.2
H17.2,H17.3
H7.3,H17.3
H7.7,H17.4
H1.4,H18.1
U11.1,H18.2
U9.4,H18.3
U9.3,H18.4
H18.1,H18.5
D4.2,I1.1
I1.1,I1.2
D9.3,I1.3
I1.2,I1.3
I1.3,I1.4
I1.3,I1.5
D9.3,I1.6
I1.3,I1.6
I1.2,I2.1
D5.1,I2.2
I2.1,I2.2
I1.4,I2.3
I2.1,I2.3
I2.1,I2.4
I2.1,I2.5
E6.3.2,I2.6
I2.5,I2.6
D11.1,I2.7
I2.6,I2.7
I2.3,I2.8
I2.4,I3.1
I3.1,I3.2
I3.2,I3.3
I3.3,I3.4
I3.3,I3.5
A4.3.2,I3.6
I3.3,I3.6
I2.6,I3.7
I3.6,I3.7
I3.2,I3.8
D8.1,I4.1
I2.1,I4.1
I4.1,I4.2
D8.7,I4.3
I4.2,I4.3
I4.2,I4.4
I4.3,I4.5
I4.5,I4.6
I4.6,I4.7
I4.3,I4.8
I4.5,I4.9
I5.3,I4.9
I5.1,I5.2
C10.4,I5.3
I5.2,I5.3
I5.2,I5.4
I5.2,I5.5
I5.3,I5.6
B10.3.5,I5.7
I5.3,I5.7
I5.3,I5.8
J10.1,I5.8
J10.2,I5.8
J10.3,I5.8
J10.4,I5.8
J10.5,I5.8
J10.6,I5.8
D9.1,I6.1
I1.2,I6.1
D9.3,I6.2
I6.1,I6.2
I6.1,I6.3
C10.4,I6.4
I6.1,I6.4
C13.3,I6.5
I6.2,I6.5
I5.1,I7.1
I7.2,I7.3
I7.1,I7.4
I7.1,I7.5
I7.1,I8.1
I7.2,I8.2
I7.2,I8.3
I7.2,I8.4
I2.7,I8.5
D13.1,I8.6
I1.2,I8.6
I9.2,I8.7
I1.2,I9.1
I1.3,I9.2
I9.1,I9.2
I2.1,I9.3
I9.1,I9.3
I7.1,I9.4
I9.1,I9.4
I9.4,I9.5
J5.1,I9.5
J5.10,I9.5
J5.2,I9.5
J5.3,I9.5
J5.4,I9.5
J5.5,I9.5
J5.6,I9.5
J5.7,I9.5
J5.8,I9.5
J5.9,I9.5
I9.2,I9.6
I1.1,I10.1
C10.3,I10.2
I10.1,I10.2
I10.2,I10.3
I10.3,I10.4
I2.3,I10.4
I5.4,I11.1
I7.3,I11.2
I5.2,I11.3
I7.1,I11.4
G5.7.3,I11.5
I10.4,I11.5
G3.5.4,I11.6
I11.5,I11.6
I11.1,I11.7
I2.5,I12.1
E9.8,I12.2
I12.1,I12.2
I12.1,I12.3
A7.5.4,I12.4
I12.3,I12.4
C17.1,I12.5
I12.1,I12.5
I12.5,I12.6
I12.4,I12.7
I12.2,I12.8
B1.2,J1.1
B3.4,J1.2
J1.1,J1.2
C14.1,J1.3
J1.1,J1.3
J1.3,J1.4
A8.3.2,J1.5
C14.5,J1.5
J1.2,J1.5
J1.1,J1.6
J1.1,J2.1
J2.1,J2.2
A4.3.1,J2.3
J2.1,J2.3
J2.1,J2.4
J2.1,J2.5
J2.3,J2.6
J2.4,J3.1
J3.1,J3.2
J3.2,J3.3
J3.3,J3.4
B2.2.3,J3.5
J3.4,J3.5
J3.3,J3.6
C14.2,J4.1
J3.2,J4.1
B2.2.3,J4.2
J3.4,J4.2
B10.2.1,J4.3
J4.2,J4.3
J4.2,J4.4
J4.4,J4.5
J4.5,J4.6
J4.6,J4.7
E7.3.6,J4.8
J4.6,J4.8
C14.4,J4.9
J4.4,J4.9
C14.4,J4.10
J4.2,J4.10
J4.2,J4.11
J5.1,J4.11
B2.1.4,J5.1
J3.4,J5.1
B2.3.5,J5.2
J5.1,J5.2
J5.1,J5.3
J5.2,J5.4
E7.3.4,J5.5
E7.3.5,J5.5
J5.4,J5.5
J5.1,J5.6
B2.2.1,J5.7
J5.2,J5.7
J5.1,J5.8
J4.6,J5.9
J5.4,J5.9
J5.7,J5.10
J5.1,J6.1
J6.1,J6.2
B10.1.5,J6.3
J6.1,J6.3
J6.3,J6.4
J6.4,J6.5
J6.2,J6.6
J6.5,J6.6
J6.1,J6.7
A4.3.3,J7.1
J6.2,J7.1
J5.1,J7.2
J6.2,J7.2
J6.3,J7.3
J7.3,J7.4
J6.3,J7.5
J7.1,J7.5
J6.3,J7.6
J6.2,J7.7
J6.3,J7.8
J6.2,J7.9
J2.2,J8.1
J5.5,J8.2
J8.1,J8.2
J8.1,J8.3
J8.1,J8.4
J1.2,J8.5
C14.4,J9.1
J2.2,J9.1
J9.1,J9.2
J9.1,J9.3
J9.1,J9.4
A5.1.3,J9.5
C14.4,J9.5
G1.8,J10.1
J6.7,J10.1
J10.1,J10.2
J6.2,J10.2
G3.7.4,J10.3
J10.1,J10.3
B11.4,J10.4
J10.1,J10.4
J10.4,J10.5
J10.1,J10.6
J2.5,J10.6
J6.1,J11.1
J11.1,J11.2
J7.4,J11.2
J11.1,J11.3
J4.7,J11.3
J6.2,J11.4
J6.5,J11.5
J7.3,J11.6
J5.5,J12.1
J7.1,J12.2
J7.3,J12.2
J12.1,J12.3
J9.2,J12.3
J4.6,J12.4
J5.5,J12.4
J6.3,J12.5
T9.1,J13.1
T9.2,J13.1
T9.3,J13.1
J13.1,J13.2
T2.1,J13.2
T2.2,J13.2
T2.3,J13.2
T2.4,J13.2
T2.5,J13.2
T2.6,J13.2
T2.7,J13.2
J3.1,J14.1
J14.1,J14.2
J14.1,J14.3
J7.1,J14.3
J8.1,J14.4
J2.1,K1.1
K1.1,K1.2
K1.2,K1.3
J7.3,K1.4
K1.3,K1.4
K1.2,K1.5
K3.1,K1.6
K4.1,K1.6
B4.2,K2.1
K1.2,K2.1
K2.1,K2.2
I5.1,K2.3
K2.1,K2.3
B6.6,K2.4
K2.1,K2.4
K2.1,K2.5
K2.1,K2.6
K2.2,K2.7
K2.1,K2.8
B4.4,K2.9
K2.1,K2.9
K2.1,K3.1
B5.3.3,K3.2
K3.1,K3.2
B13.2,K3.3
K3.1,K3.3
K3.1,K3.4
K3.4,K3.5
K3.5,K3.6
K3.5,K3.7
K3.6,K3.8
K3.1,K3.9
K3.8,K3.10
K3.2,K3.11
K3.8,K3.12
G5.5.1,K4.1
K2.1,K4.1
E6.4.1,K4.2
K4.1,K4.2
G3.6.1,K4.3
K4.2,K4.3
K2.6,K4.4
K4.3,K4.4
B11.4,K4.5
G5.5.4,K4.5
K4.1,K4.5
K4.1,K4.6
K4.2,K4.7
G5.5.5,K4.8
K4.1,K4.8
G7.3.2,K4.9
K4.1,K4.9
U8.3,K5.1
K5.1,K5.2
K2.7,K5.3
K5.1,K5.3
B5.4.3,K5.4
K5.2,K5.4
K4.2,K5.5
K5.2,K5.5
K5.2,K5.6
K5.2,K5.7
K4.5,K6.1
G3.2.1,K6.2
K6.1,K6.2
K6.2,K6.3
G3.6.3,K6.4
K6.2,K6.4
K6.1,K6.5
K6.3,K6.6
K7.1,K6.6
G1.8,K7.1
K1.5,K7.1
H4.9,K7.2
K7.1,K7.2
J7.3,K7.3
K7.1,K7.3
K7.3,K7.4
K7.1,K7.5
L5.12,K7.5
K4.6,K7.6
K7.1,K7.6
N5.1,K7.6
K7.6,K7.7
N5.1,K7.7
N5.2,K7.7
N5.3,K7.7
N5.4,K7.7
N5.5,K7.7
N5.6,K7.7
N5.7,K7.7
N5.8,K7.7
J6.3,K7.8
K7.1,K7.8
K7.6,K7.9
J7.1,K8.1
K1.2,K8.1
H5.4,K8.2
K8.1,K8.2
B13.5,K8.3
K8.2,K8.3
J7.4,K8.4
K8.1,K8.4
K1.5,K8.5
I9.4,K8.6
K7.2,K8.6
I8.4,K9.1
K1.5,K9.1
G5.4.5,K9.2
K9.1,K9.2
G5.11,K9.3
K9.1,K9.3
K6.2,K9.4
K9.1,K9.4
K3.8,K9.5
K9.1,K9.5
K9.1,K9.6
B11.4,K10.1
K2.9,K10.1
A3.2.1,K10.2
K10.1,K10.2
K10.2,K10.3
O2.3.1,K10.3
O2.3.2,K10.3
O2.3.3,K10.3
O2.3.4,K10.3
K10.2,K10.4
L5.3,K10.4
K10.3,K10.5
K1.4,K11.1
J12.2,K11.2
K11.1,K11.2
K2.7,K11.3
L11.1,K11.3
A7.4.5,K11.4
K11.1,K11.4
K4.6,K11.5
U4.1,K11.5
K11.5,K11.6
K2.4,K12.1
B6.7,K12.2
K2.1,K12.2
K4.7,K12.3
K12.3,K12.4
Q2.7,K12.4
K12.2,K12.5
K4.2,K12.5
K12.2,K12.6
K12.2,K12.7
B11.1,L1.1
L1.1,L1.2
L1.1,L1.3
I5.2,L1.4
L1.1,L1.4
B1.1,L1.5
B11.1,L2.1
A1.5.1,L2.2
L2.1,L2.2
E3.2,L2.3
L2.2,L2.3
A7.1.2,L2.4
L2.1,L2.4
L2.1,L2.5
L2.5,L2.6
L1.4,L2.7
L2.5,L2.7
G1.8,L2.8
L2.3,L2.8
L1.4,L3.1
L3.1,L3.2
A3.2.1,L3.3
L3.2,L3.3
L3.3,L3.4
L3.4,L3.5
L3.4,L3.6
L3.2,L3.7
L3.4,L3.8
L3.4,L3.9
A3.1.4,L4.1
L3.1,L4.1
L4.1,L4.2
L4.2,L4.3
L3.4,L4.4
L4.3,L4.4
A3.1.3,L4.5
L4.1,L4.5
L4.2,L4.6
L4.3,L4.7
L4.6,L4.7
L4.7,L4.8
A2.2.2,L4.9
L4.5,L4.9
L4.1,L4.10
L4.4,L4.11
L4.4,L4.12
L4.7,L4.13
L4.5,L4.14
L4.5,L4.15
L4.3,L5.1
L5.1,L5.2
A2.1.4,L5.3
L5.1,L5.3
L4.5,L5.4
L5.3,L5.4
L5.3,L5.5
L5.4,L5.6
A2.6.1,L5.7
L5.3,L5.7
L5.4,L5.8
L5.1,L5.9
A3.2.5,L5.10
L5.6,L5.10
G1.8,L5.11
L5.2,L5.11
G1.15,L5.12
L5.3,L5.12
L5.3,L5.13
L5.4,L5.14
L5.4,L5.15
L5.5,L5.16
L2.6,L5.17
L5.5,L5.17
L5.12,L5.18
L4.1,L6.1
L6.1,L6.2
I3.3,L6.3
L6.2,L6.3
L6.2,L6.4
I5.3,L6.5
L6.1,L6.5
E6.4.7,L6.6
E6.5.1,L6.6
L6.5,L6.6
L4.5,L6.7
L6.6,L6.7
L5.1,L6.8
L6.2,L7.1
E6.5.4,L7.2
L7.1,L7.2
B11.4,L7.3
L7.1,L7.3
L7.1,L7.4
A4.3.1,L7.5
L7.1,L7.5
A5.1.3,L7.6
L7.1,L7.6
L7.1,L7.7
L4.1,L7.8
L6.2,L8.1
L4.4,L8.2
L8.1,L8.2
L8.2,L8.3
L8.2,L8.4
L1.1,L8.5
E11.5,L8.6
L8.5,L8.6
L8.4,L8.7
L8.6,L8.7
L8.6,L8.8
L1.2,L9.1
B11.4,L9.2
L9.1,L9.2
L1.3,L9.3
L9.1,L9.3
A7.1.4,L9.4
L9.3,L9.4
A7.1.2,L9.5
L9.4,L9.5
G2.2.13,L9.6
L9.3,L9.6
L9.5,L9.7
U11.4,L9.7
H5.1,L9.8
L9.6,L9.8
A7.4.2,L9.9
L9.4,L9.9
L5.5,L9.10
L1.1,L10.1
U4.5,L10.1
L10.1,L10.2
L1.3,L10.3
B11.6,L10.4
L10.1,L10.4
L10.4,L10.5
U4.1,L10.6
L1.1,L11.1
E6.5.4,L11.2
L11.1,L11.2
A1.2.5,L11.3
A5.1.3,L11.3
L11.2,L11.3
L11.1,L11.4
J7.3,L11.5
L11.2,L11.5
A5.3.3,L11.6
A7.5.3,L11.6
L11.5,L11.6
L11.3,L11.7
L7.6,L11.7
L1.1,L12.1
L11.3,L12.2
L12.1,L12.2
A5.1.3,L12.3
L12.1,L12.3
A5.3.2,L12.4
L12.3,L12.4
L12.3,L12.5
L1.2,L13.1
B11.6,L13.2
L13.1,L13.2
L13.1,L13.3
B11.9,L13.4
L13.1,L13.4
L13.1,L13.5
B13.8,L13.6
L13.4,L13.6
L6.2,L14.1
L14.1,L14.2
L14.1,L14.3
L6.3,L14.3
L8.4,L14.4
L7.3,L14.5
L14.2,L14.6
L5.9,L15.1
L6.1,L15.2
N3.1.1,L15.2
N3.1.2,L15.2
N3.1.3,L15.2
N3.1.4,L15.2
L5.12,L15.3
L10.6,L15.4
L10.3,L15.5
I11.3,L15.6
L6.4,L15.6
C9.1,M1.1
M1.1,M1.2
D10.1,M1.3
M1.2,M1.3
M1.3,M1.4
M1.1,M1.5
M1.5,M1.6
D11.1,M2.1
G3.7.3,M2.1
M2.1,M2.2
G1.8,M2.3
M1.6,M2.3
D11.4,M2.4
M1.5,M2.4
G3.8.1,M2.5
M1.5,M2.5
E11.2,M2.6
M1.5,M2.6
I12.2,M2.7
M2.1,M2.7
J2.5,M3.1
M3.1,M3.2
J7.9,M3.3
M3.1,M3.3
L14.1,M3.4
M3.1,M3.4
M3.4,M3.5
M3.2,M3.6
M3.3,M3.6
M3.6,M3.7
E11.4,M3.8
M3.3,M3.8
E6.5.1,M3.9
J10.6,M3.9
M3.1,M3.9
G3.6.4,M3.10
M3.1,M3.10
I9.1,M4.1
J2.5,M4.1
M4.1,M4.2
M4.1,M4.3
M1.6,M4.4
M4.3,M4.4
M4.3,M4.5
M4.3,M4.6
M4.2,M4.7
U4.1,M4.7
M2.3,M5.1
M1.1,M5.2
I2.6,M5.3
M5.1,M5.3
M5.2,M5.4
C13.4,M5.5
M5.1,M5.5
M4.1,M6.1
M6.1,M6.2
M6.2,M6.3
O5.1.7,M6.3
M4.4,M6.4
M6.2,M6.4
J2.5,M7.1
M7.1,M7.2
N3.2.1,M7.2
M7.2,M7.3
N3.4.1,M7.3
M3.1,M7.4
M7.2,M7.4
G1.8,M7.5
M7.4,M7.5
M7.2,M7.6
C13.1,M8.1
E9.3,M8.2
M8.1,M8.2
C13.4,M8.3
M8.1,M8.4
O9.3,M8.4
O9.5,M8.4
M4.4,M8.5
M8.3,M8.5
N1.1,N1.2
N1.1,N1.3
N1.3,N1.4
N1.3,N1.5
N1.5,N1.6
A1.4.1,N2.2
N2.1,N2.2
A7.1.2,N2.3
N2.2,N2.3
N2.3,N2.4
N2.1,N2.5
N2.4,N2.6
A2.1.3,N2.7
N2.4,N2.7
N2.4,N2.8
N2.1,N2.9
N2.4,N2.10
B2.3.5,N3.1.1
N2.7,N3.1.1
N3.1.1,N3.1.2
N3.1.2,N3.1.3
A7.2.5,N3.1.4
E6.5.1,N3.2.1
N3.2.1,N3.2.2
N3.1.1,N3.2.3
N3.2.1,N3.2.3
N3.2.1,N3.2.4
A7.2.2,N3.2.5
N3.2.1,N3.2.5
N2.6,N3.3.1
A1.4.1,N3.3.2
N3.3.1,N3.3.2
A1.3.5,N3.3.3
A1.4.4,N3.3.3
N3.3.1,N3.3.3
A4.4.6,N3.3.4
N3.3.1,N3.3.4
N3.1.2,N3.3.5
N3.3.3,N3.3.5
N3.2.1,N3.4.1
N3.3.1,N3.4.1
N3.4.1,N3.4.2
N3.4.2,N3.4.3
N3.4.1,N3.4.4
F11.3,N3.5.1
N3.3.1,N3.5.1
A4.4.3,N3.5.2
N3.3.1,N3.5.2
N3.3.1,N3.5.3
A1.5.4,N3.5.4
A4.4.3,N3.5.4
J7.4,N4.1
N3.3.5,N4.1
N3.4.2,N4.1
J7.6,N4.2
N3.3.1,N4.2
J7.5,N4.3
N3.4.1,N4.3
N3.3.2,N4.4
J7.1,N4.5
N3.4.1,N4.5
J4.9,N4.6
N3.1.1,N4.6
N1.1,N5.1
N5.1,N5.2
N5.2,N5.3
N3.3.1,N5.4
N5.3,N5.4
N5.3,N5.5
I5.4,N5.6
N5.1,N5.6
N5.6,N5.7
N5.2,N5.8
N1.3,N6.1
G1.14,N6.2
N6.1,N6.2
L5.12,N6.3
N6.2,N6.3
K4.2,N6.4
N6.2,N6.4
D7.4,N6.5
G4.5,N6.5
I4.8,N6.6
N6.5,N6.6
N6.1,N6.7
N6.1,N6.8
N1.3,N7.1
N7.1,N7.2
J3.4,N7.3
N1.3,N7.3
J11.1,N7.4
N7.3,N7.4
N5.6,N7.5
N7.4,N7.5
I11.1,N7.6
N7.1,N7.6
N6.3,N7.7
N7.3,N7.7
I11.4,N7.8
N7.4,N7.8
C11.1,N8.1
N1.3,N8.1
N3.1.2,N8.2
N8.1,N8.2
D10.6,N8.3
D8.4,N8.3
I10.2,N8.4
N3.3.1,N8.4
C8.6,N8.5
N8.1,N8.5
N1.1,N9.1
N9.1,N9.2
N9.1,N9.3
N9.3,N9.4
N9.2,N9.5
N3.3.3,N10.1
T5.3,N10.1
A11.4,N10.2
N10.1,N10.2
N10.2,N10.3
N10.1,N10.4
U7.2,N11.1
L1.1,N11.2
N11.1,N11.2
N11.2,N11.3
A7.3.3,N11.4
N11.2,N11.4
J5.4,N11.5
N11.2,N11.5
N3.3.5,N11.5
N11.4,N11.6
O4.1.1,N11.6
O4.1.10,N11.6
O4.1.2,N11.6
O4.1.3,N11.6
O4.1.4,N11.6
O4.1.5,N11.6
O4.1.6,N11.6
O4.1.7,N11.6
O4.1.8,N11.6
O4.1.9,N11.6
O4.2.1,N11.6
O4.2.2,N11.6
O4.2.3,N11.6
O4.2.4,N11.6
O4.2.5,N11.6
O4.2.6,N11.6
O4.3.1,N11.6
O4.3.2,N11.6
O4.3.3,N11.6
O4.3.4,N11.6
O4.3.5,N11.6
O4.3.6,N11.6
O4.3.7,N11.6
O4.4.1,N11.6
O4.4.2,N11.6
O4.4.3,N11.6
O4.4.4,N11.6
O4.4.5,N11.6
O4.4.6,N11.6
N1.3,N12.1
I5.3,N12.2
N12.1,N12.2
J3.5,N12.3
N12.1,N12.3
N12.2,N12.4
O5.2.1,N13.1
O5.2.2,N13.1
O5.2.3,N13.1
O4.3.1,N13.2
O4.3.2,N13.2
O4.3.3,N13.2
O4.3.4,N13.2
O4.3.5,N13.2
O4.3.6,N13.2
O4.3.7,N13.2
O6.7,N13.3
N11.2,N13.4
O4.3.1,N13.4
O4.3.2,N13.4
O4.3.3,N13.4
O4.3.4,N13.4
O4.3.5,N13.4
O4.3.6,N13.4
O4.3.7,N13.4
N7.4,N13.5
O4.3.3,N13.5
N1.3,N14.1
N14.1,N14.2
N14.2,N14.3
N14.2,N14.4
U4.9,N14.4
N14.1,N14.5
I11.3,N14.6
N14.5,N14.6
O1.1,O1.2
U1.17,O1.2
O1.1,O1.3
O1.1,O1.4
O1.1,O1.5
O1.1,O1.6
A4.3.1,O2.1.1
O1.5,O2.1.1
E7.3.1,O2.1.2
E7.3.2,O2.1.2
O2.1.1,O2.1.2
E7.3.9,O2.1.3
O2.1.2,O2.1.3
A9.3.1,O2.1.4
O2.1.1,O2.1.4
A4.3.3,O2.2.1
O2.1.1,O2.2.1
A9.4.3,O2.2.2
O2.2.1,O2.2.2
O2.2.2,O2.2.3
A7.3.4,O2.2.4
O2.2.2,O2.2.4
A2.2.2,O2.3.1
A2.1.7,O2.3.2
O2.3.1,O2.3.2
O2.3.1,O2.3.3
O2.3.1,O2.3.4
O2.3.1,O2.4.1
O2.1.3,O2.4.2
O2.3.1,O2.4.2
F14.4,O2.5
O2.1.1,O2.5
A7.2.4,O3.1
A4.3.4,O3.2
O3.1,O3.2
O3.2,O3.3
A7.5.6,O3.4
O3.2,O3.4
A2.6.2,O3.5
A9.4.1,O3.6
O3.1,O3.6
B11.1,O4.1.1
O1.1,O4.1.1
O4.1.1,O4.1.2
A5.1.3,O4.1.3
O4.1.2,O4.1.3
A7.1.5,O4.1.4
O4.1.2,O4.1.4
A8.4.1,O4.1.5
O4.1.4,O4.1.5
A8.1.2,O4.1.6
O4.1.2,O4.1.6
O4.1.6,O4.1.7
A9.2.4,O4.1.8
O4.1.5,O4.1.8
A7.2.4,O4.1.9
O4.1.2,O4.1.9
L9.3,O4.1.10
O4.1.1,O4.1.10
A5.1.3,O4.2.1
O4.1.1,O4.2.1
O4.2.1,O4.2.2
A5.3.2,O4.2.3
O4.2.1,O4.2.3
O4.2.3,O4.2.4
A7.3.3,O4.2.5
O4.2.1,O4.2.5
O4.2.3,O4.2.6
O5.1.5,O4.2.6
O4.1.2,O4.3.1
O4.3.1,O4.3.2
O4.3.1,O4.3.3
A7.4.6,O4.3.4
O4.3.1,O4.3.4
O4.1.4,O4.3.5
O4.3.2,O4.3.5
O4.3.3,O4.3.6
U3.2,O4.3.6
G2.2.13,O4.3.7
O4.3.1,O4.3.7
O1.5,O4.4.1
A7.5.5,O4.4.2
O4.4.1,O4.4.2
O4.4.2,O4.4.3
A7.3.2,O4.4.4
O4.4.1,O4.4.4
O4.4.3,O4.4.5
O5.1.5,O4.4.5
O4.4.5,O4.4.6
O6.1,O4.4.6
A5.1.3,O5.1.1
O4.1.2,O5.1.1
A6.1.1,O5.1.2
O5.1.1,O5.1.2
A5.1.6,O5.1.3
O5.1.2,O5.1.3
A6.2.5,O5.1.4
A8.4.1,O5.1.4
O5.1.3,O5.1.4
A6.2.6,O5.1.5
O5.1.4,O5.1.5
A9.2.3,O5.1.6
O5.1.5,O5.1.6
G3.8.4,O5.1.7
O5.1.3,O5.1.7
D11.4,O5.1.8
O5.1.7,O5.1.8
A6.5.5,O5.2.1
B6.1,O5.2.1
O5.1.3,O5.2.1
O5.2.1,O5.2.2
O5.2.2,O5.2.3
O5.1.5,O5.3.1
O5.3.1,O5.3.2
A5.1.3,O5.4.1
O5.1.3,O5.4.1
A5.1.6,O5.4.2
O5.4.1,O5.4.2
O5.4.2,O5.4.3
O5.2.1,O5.4.4
O5.4.3,O5.4.4
A4.3.1,O5.5
O5.1.5,O5.5
O5.1.3,O5.6
A7.2.3,O6.1
O4.1.1,O6.1
O5.4.2,O6.2
O6.1,O6.2
O4.4.1,O6.3
O6.2,O6.3
O1.6,O6.4
O6.4,O6.5
U7.3,O6.5
L11.3,O6.6
O6.2,O6.6
O1.5,O6.7
O6.2,O6.7
A7.3.3,O6.8
O5.2.1,O6.8
A8.4.2,O6.9
O5.1.5,O6.9
O6.4,O6.10
O6.5,O6.11
O4.3.2,O7.1
O4.1.7,O7.2
O5.4.3,O7.3
O7.2,O7.3
O6.3,O7.4
O14.1,O7.5
O7.4,O7.5
A9.3.1,O8.1
O8.1,O8.2
A9.3.1,O8.3
O5.1.3,O8.4
O8.1,O8.4
D11.4,O9.1
O5.1.6,O9.1
D12.2,O9.2
O6.2,O9.3
B2.5.6,O9.4
O5.1.6,O9.4
U6.2,O9.5
O1.6,O10.1
O4.3.6,O10.2
O10.1,O10.3
U3.3,O10.3
U4.8,O10.4
O10.1,O10.5
U4.3,O10.5
O6.4,O11.1
O11.1,O11.2
O11.1,O11.3
O4.1.2,O11.3
L9.4,O11.4
O10.1,O11.5
O11.2,O11.5
U4.8,O11.5
O1.5,O12.1
O12.1,O12.2
F11.5,O12.3
O12.1,O12.3
O12.1,O12.4
O12.2,O12.5
O6.7,O12.5
O13.1,O13.2
O5.2.1,O13.2
O13.2,O13.3
O6.2,O13.3
O13.2,O13.4
U4.8,O13.4
O4.3.3,O14.1
O14.1,O14.2
O14.1,O14.3
O6.2,O14.3
O14.3,O14.4
P1.1,P1.2
P1.1,P1.3
P1.1,P1.4
P1.4,P1.5
P1.5,P1.6
P1.1,P1.7
P1.1,P1.8
P1.4,P2.1
F2.3,P2.2
P1.4,P2.2
F2.8,P2.3
P2.2,P2.3
P2.2,P2.4
B4.5,P3.1
P3.1,P3.2
P3.2,P3.3
E7.4.6,P3.4
P3.1,P3.4
P1.3,P3.5
P3.3,P3.5
P3.3,P3.6
B9.1.4,P3.7
P3.3,P3.7
G2.2.10,P3.8
P3.5,P3.8
P1.1,P4.1
A7.1.2,P4.2
P3.3,P4.2
P4.1,P4.2
A1.2.5,P4.3
P4.2,P4.3
A7.2.3,P4.4
P4.2,P4.4
P1.4,P4.5
P4.1,P4.5
A7.2.2,P4.6
P4.5,P4.6
A7.2.3,P5.1
P4.2,P5.1
P5.1,P5.2
A8.1.2,P5.3
P5.1,P5.3
P5.1,P5.4
E7.4.4,P5.5
P5.1,P5.5
P4.5,P6.1
P5.1,P6.1
P6.1,P6.2
F2.7,P6.3
P2.2,P6.3
P2.4,P6.4
P6.1,P6.4
A5.1.3,P6.5
P4.4,P6.5
P2.1,P6.6
P6.5,P6.6
P1.5,P6.7
P1.6,P6.8
P6.2,P6.8
O5.1.3,P7.1
P3.6,P7.1
O5.3.1,P7.2
O5.4.3,P7.3
P3.7,P7.3
O6.2,P7.4
P1.7,P7.5
P7.4,P7.5
O7.3,P7.6
P7.4,P7.6
O6.2,P8.1
P5.1,P8.1
O4.1.2,P8.2
P3.6,P8.2
O4.1.2,P8.3
P3.6,P8.3
P6.2,P8.4
P7.4,P8.5
O6.6,P8.6
P7.4,P8.6
P4.2,P8.7
P1.1,P8.8
A6.5.1,P9.1
B7.2,P9.1
P1.2,P9.1
O5.4.4,P9.2
P9.1,P9.2
O6.8,P9.3
P9.1,P9.3
P8.6,P9.4
P9.1,P9.4
P9.2,P9.5
P9.3,P9.5
P4.1,P10.1
B11.3,P10.2
P10.1,P10.2
O4.1.2,P10.3
P4.2,P10.3
P10.1,P10.4
P4.2,P10.4
P10.2,P10.5
Q5.7,P10.5
B6.1,Q1.1
Q1.1,Q1.2
E7.5.5,Q1.3
Q1.2,Q1.3
A5.2.2,Q1.4
Q1.2,Q1.4
A1.5.4,Q1.5
Q1.2,Q1.5
B5.2.5,Q1.6
Q1.3,Q1.6
E5.1,Q1.7
Q1.2,Q1.7
Q1.2,Q1.8
A5.1.1,Q2.1
Q1.1,Q2.1
A5.2.3,Q2.2
Q2.1,Q2.2
Q2.2,Q2.3
Q2.3,Q2.4
A5.1.3,Q2.5
Q2.3,Q2.5
B6.1,Q2.6
Q2.5,Q2.6
D11.4,Q2.7
Q2.4,Q2.7
A6.3.3,Q2.8
A7.3.4,Q2.8
Q2.5,Q2.8
Q2.1,Q2.9
B8.1,Q3.1
G3.6.1,Q3.2
E7.5.5,Q3.3
Q3.2,Q3.3
A6.4.4,Q3.4
Q3.3,Q3.4
G3.2.1,Q3.5
Q3.2,Q3.5
E7.3.9,Q3.6
F1.1,Q3.6
Q3.2,Q3.6
E7.5.2,Q3.8
Q3.2,Q3.8
A7.1.2,Q4.1
B6.1,Q4.1
Q4.1,Q4.2
A6.5.5,Q4.3
Q4.2,Q4.3
A6.2.4,Q4.4
Q4.3,Q4.4
Q4.2,Q4.5
Q4.4,Q4.6
A6.5.4,Q4.7
Q4.3,Q4.7
G2.2.10,Q4.8
Q4.2,Q4.8
Q4.1,Q5.1
Q4.4,Q5.2
Q2.3,Q5.3
Q5.2,Q5.3
O5.2.2,Q5.4
Q5.4,Q5.5
Q5.4,Q5.6
U4.8,Q5.6
Q5.4,Q5.7
B8.1,Q5.8
Q5.5,Q5.8
B7.2,Q6.1
A6.1.2,Q6.2
B7.1,Q6.2
A6.5.1,Q6.3
Q6.2,Q6.3
B7.7,Q6.4
Q6.1,Q6.4
G1.7,Q6.5
Q6.2,Q6.5
A6.5.4,Q6.6
B7.4,Q6.6
O6.8,Q6.7
Q6.6,Q6.7
Q6.3,Q6.8
Q2.3,Q7.2
Q7.1,Q7.2
Q5.2,Q7.3
Q7.1,Q7.3
Q7.2,Q7.4
Q8.3,Q7.4
Q7.1,Q7.5
I7.2,Q8.1
Q8.1,Q8.3
Q8.2,Q8.3
Q8.3,Q8.4
Q8.4,Q8.5
B5.2.1,Q8.6
Q8.3,Q8.7
U8.3,Q8.7
Q8.3,Q8.8
A1.2.5,Q8.9
Q8.2,Q8.9
Q8.3,Q8.10
A7.1.2,Q9.1
Q8.2,Q9.2
Q9.1,Q9.2
Q9.1,Q9.3
A4.3.1,Q9.4
Q9.2,Q9.4
G2.2.13,Q9.5
Q9.2,Q9.5
K12.2,Q10.1
K12.3,Q10.1
K12.4,Q10.2
K3.9,Q10.3
K4.3,Q10.3
A10.2.2,Q11.1
Q1.5,Q11.1
Q11.1,Q11.2
Q2.1,Q11.2
Q2.1,Q11.3
C11.4,Q11.4
Q11.2,Q11.5
Q5.3,Q11.5
Q8.1,Q12.1
Q12.1,Q12.2
R1.1,Q12.2
R1.2,Q12.2
R1.3,Q12.2
R1.4,Q12.2
R1.5,Q12.2
R1.6,Q12.2
R1.7,Q12.2
R1.8,Q12.2
Q12.1,Q12.3
R2.1,Q12.3
R2.2,Q12.3
R2.3,Q12.3
R2.4,Q12.3
R2.5,Q12.3
R2.6,Q12.3
R2.7,Q12.3
R2.8,Q12.3
Q12.1,Q12.4
R10.1,Q12.4
R10.2,Q12.4
R10.3,Q12.4
R10.4,Q12.4
R10.5,Q12.4
R10.6,Q12.4
R10.7,Q12.4
M4.8,Q13.1
Q13.1,Q13.2
Q13.2,Q13.3
M3.4,Q13.4
Q13.1,Q13.4
Q13.2,Q13.5
U7.7,Q13.5
G1.7,Q14.1
Q1.2,Q14.1
E7.5.2,Q14.2
Q14.1,Q14.2
O6.4,Q14.3
Q14.2,Q14.3
Q14.3,Q14.4
U2.4,Q14.4
Q14.1,Q14.5
R2.1,Q14.5
R2.2,Q14.5
R2.3,Q14.5
R2.4,Q14.5
R2.5,Q14.5
R2.6,Q14.5
R2.7,Q14.5
R2.8,Q14.5
Q8.3,Q15.1
Q15.1,Q15.2
A7.4.2,Q15.3
Q15.1,Q15.3
Q15.1,Q15.4
Q15.3,Q15.5
B1.2,R1.2
R1.1,R1.2
R1.2,R1.3
R1.3,R1.4
A7.1.3,R1.5
R1.3,R1.5
R1.1,R1.6
C1.3,R1.7
R1.6,R1.7
C4.1,R1.8
R1.7,R1.8
R1.1,R2.1
B1.6,R2.2
R2.1,R2.2
R1.2,R2.3
R2.2,R2.3
R2.2,R2.4
C11.5,R2.5
R2.2,R2.5
C11.7,R2.6
R2.5,R2.6
C13.1,R2.7
R2.1,R2.7
I8.1,R2.8
R2.1,R2.8
E3.4,R3.1
R2.1,R3.1
G1.7,R3.2
R3.1,R3.2
R3.1,R3.3
D9.3,R3.4
R3.3,R3.4
F1.1,R3.5
R3.3,R3.5
D13.1,R3.6
R3.4,R3.6
I8.5,R3.7
R3.6,R3.7
C1.9,R3.8
R3.2,R3.8
R1.1,R4.1
R4.1,R4.2
A6.4.2,R4.3
R4.1,R4.3
A6.4.6,R4.4
R4.3,R4.4
A6.2.1,R4.5
R4.2,R4.5
R4.5,R4.6
A6.4.3,R4.7
R4.4,R4.7
B7.2,R4.8
R4.5,R4.8
A5.3.1,R4.9
R4.7,R4.9
O3.5,R4.10
R4.5,R4.10
R4.1,R5.1
D1.2,R5.2
R5.1,R5.2
F1.1,R5.3
R5.2,R5.3
R1.4,R5.4
R5.1,R5.4
R5.2,R5.5
J3.3,R5.6
R5.5,R5.6
N7.3,R5.7
R5.6,R5.7
R1.1,R6.1.1
A6.1.2,R6.1.2
R6.1.1,R6.1.2
A5.2.3,R6.1.3
R6.1.1,R6.1.3
A10.2.1,R6.1.4
R6.1.3,R6.1.4
R6.1.3,R6.2.1
R4.5,R6.2.2
R6.2.1,R6.2.2
R1.3,R6.3.1
R6.1.1,R6.3.1
E7.3.1,R6.3.2
R6.3.1,R6.3.2
R6.1.4,R6.3.3
R6.3.2,R6.3.3
A10.2.2,R6.3.4
R6.3.2,R6.3.4
R1.4,R6.4.1
R6.1.2,R6.4.1
O3.4,R6.4.2
R6.4.1,R6.4.2
R6.4.2,R6.4.3
A7.2.4,R6.5.1
R1.5,R6.5.1
Q5.5,R6.5.2
R6.5.1,R6.5.2
Q5.3,R6.5.3
R6.5.2,R6.5.3
M3.10,R6.6
R6.3.2,R6.6
O1.5,R7.1
R6.3.1,R7.1
O4.4.5,R7.2
R7.1,R7.2
O4.1.2,R7.3
R7.1,R7.3
O6.2,R7.4
R7.2,R7.4
R6.2.2,R8.1
Q8.3,R8.2
R7.1,R8.2
R4.9,R8.3
R6.2.2,R8.3
R8.2,R8.4
R6.1.1,R8.5
U3.4,R8.5
R6.1.1,R9.1
R6.3.3,R9.2
R6.4.3,R9.2
R6.5.2,R9.2
R1.4,R9.3
R4.5,R9.3
R9.1,R9.4
U3.4,R9.4
J2.1,R10.1
R2.1,R10.1
J4.9,R10.2
R10.1,R10.2
J7.8,R10.3
R10.2,R10.3
M4.1,R10.4
R10.3,R10.4
N1.3,R10.5
R10.1,R10.5
R10.1,R10.6
R10.4,R10.7
R10.1,R11.1
R4.1,R11.1
R11.1,R11.2
S1.4,R11.2
F9.2,R11.3
R11.1,R11.3
E1.6,R12.1
R12.1,R12.2
R12.1,R12.3
R2.1,R12.3
R4.1,R13.1
R13.1,R13.2
R13.2,R13.3
R13.3,R13.4
E1.4,S1.1
E3.4,S1.2
S1.1,S1.2
A7.2.2,S1.3
E7.5.2,S1.3
S1.1,S1.3
A6.4.4,S1.4
S1.1,S1.4
S1.2,S1.5
A7.4.1,S1.6
S1.3,S1.6
H5.2,S1.7
S1.1,S1.7
O5.1.5,S1.8
S1.4,S1.8
S1.3,S1.9
S1.4,S1.10
S1.4,S1.11
A7.1.5,S1.12
S1.7,S1.13
S2.1.1,S2.1.2
S2.1.2,S2.1.3
B1.4,S2.2.1
S2.1.1,S2.2.1
A4.1.1,S2.2.2
S2.1.2,S2.2.2
S2.2.1,S2.2.2
A8.1.2,S2.2.3
S2.2.1,S2.2.3
E6.1.5,S2.2.4
S2.2.2,S2.2.4
S2.1.3,S2.3.1
B11.1,S2.3.2
S2.3.1,S2.3.2
A4.3.7,S2.3.3
S2.3.1,S2.3.3
E7.4.4,S2.4.1
S2.2.4,S2.4.1
S2.4.1,S2.4.2
A7.2.3,S2.4.3
S2.4.1,S2.4.3
E6.5.4,S2.4.4
S2.4.2,S2.4.4
S2.4.2,S2.4.5
A7.5.6,S2.4.6
S2.4.3,S2.4.6
A4.3.3,S2.5.1
S2.4.1,S2.5.1
O4.2.2,S2.5.2
S2.5.1,S2.5.2
A7.4.3,S2.5.3
S2.5.1,S2.5.3
L9.4,S2.6.1
S2.3.2,S2.6.1
O5.4.3,S2.6.2
S2.1.1,S2.6.2
S2.1.3,S2.6.3
A4.3.1,S2.7.1
S2.6.1,S2.7.1
A6.4.3,S2.7.2
S2.7.1,S2.7.2
S2.1.3,S2.8.1
U4.1,S2.8.1
S2.1.3,S2.8.2
U3.1,S2.8.2
A6.4.2,S3.2
S3.1,S3.2
S3.2,S3.3
A8.1.3,S3.4
S3.3,S3.4
O4.1.2,S3.5
S3.1,S3.5
O5.1.1,S3.6
S3.1,S3.6
A4.3.1,S4.1
A6.4.4,S4.2
S4.1,S4.2
C15.5,S4.3
S4.1,S4.3
O5.5,S4.4
S4.1,S4.4
S1.2,S5.1
A7.4.1,S5.2
L9.4,S5.2
L8.5,S5.3
S5.2,S5.3
M5.1,S5.4
S5.2,S5.4
S5.1,S5.5
A6.4.2,S5.6
A5.1.1,S6.1
B6.5,S6.2
S6.1,S6.2
S6.2,S6.3
E12.5,S6.4
S6.3,S6.4
Q4.1,S6.5
S6.2,S6.5
M5.1,S6.6
S1.4,S6.6
R10.1,S6.7
B11.4,S7.1
Q4.1,S7.2
O5.2.3,S7.3
S7.2,S7.3
S7.1,S7.4
S7.1,S7.5
U4.1,S7.5
S14.4,S7.6
L2.3,S8.1
S1.3,S8.2
O4.1.2,S8.3
S8.2,S8.3
V5.3,S8.4
A9.4.2,S8.5
S1.5,S8.5
A4.3.2,S9.1
E7.3.1,S9.1
P8.2,S9.2
S9.1,S9.2
S14.3,S9.3
S9.1,S9.3
A7.4.5,S9.4
U3.8,S9.4
B6.2,S10.1
P10.4,S10.2
Q11.3,S10.3
Q5.4,S10.4
Q6.6,S10.4
E6.1.4,S11.1
F1.1,S11.1
E6.1.4,S11.2
S11.2,S11.3
O8.1,S11.4
S11.3,S11.4
A1.5.4,S12.1
G1.15,S12.1
E6.4.8,S12.2
S12.1,S12.2
A10.3.1,S12.4
F9.3,S12.5
Q8.2,S13.1
O2.3.1,S13.2
S13.1,S13.2
O5.1.3,S13.3
S13.1,S13.3
A7.4.3,S13.4
A7.4.4,S13.5
S13.1,S13.5
S13.1,S13.6
A4.2.1,S14.2
S14.1,S14.2
A4.3.2,S14.3
S14.1,S14.3
A6.4.1,S14.4
S1.4,S14.4
S14.1,S14.4
A1.2.5,S14.5
S14.1,S14.5
A10.3.2,S15.1
A6.4.5,S15.1
S15.1,S15.2
Q11.3,S15.3
R11.2,S15.4
S15.1,S15.4
A9.2.2,S15.5
S15.1,S15.5
U4.1,S16.1
B11.3,S16.2
S16.1,S16.2
N3.4.4,S16.3
S16.1,S16.3
P8.4,S16.4
S16.2,S16.4
M7.5,S16.5
S16.1,S16.5
O10.3,S16.6
S16.1,S16.6
C9.1,T1.1
A5.4.1,T1.2
A5.4.2,T1.2
A7.2.2,T1.3
C15.3,T1.3
C15.5,T1.4
T1.2,T1.4
B1.5,T2.1
T1.1,T2.1
T1.2,T2.2
T2.1,T2.2
T2.2,T2.3
T1.3,T2.4
T2.2,T2.4
A5.4.4,T2.5
T2.2,T2.5
T2.5,T2.6
A5.4.3,T2.7
T2.2,T2.7
A3.3.2,T3.1
D2.1,T3.1
A5.4.3,T3.2
T2.3,T3.2
T2.5,T3.3
T3.2,T3.3
T3.3,T3.4
T3.3,T3.5
T2.6,T3.6
T3.3,T3.6
T3.4,T4.1
T4.1,T4.2
T4.2,T4.3
T4.1,T4.4
A6.5.4,T4.5
T4.1,T4.5
A11.2,T4.6
T4.5,T4.6
A9.2.1,T4.7
T4.1,T4.7
T4.5,T4.8
O4.1.2,T4.9
T4.7,T4.9
F5.2,T5.1
T4.2,T5.1
T5.1,T5.2
T2.1,T5.3
T3.4,T6.1
T6.1,T6.2
T6.1,T6.3
C14.3,T6.4
T6.1,T6.4
T2.4,T6.5
T5.3,T6.6
T3.2,T7.1
T6.5,T7.1
B10.3.2,T7.2
T7.1,T7.2
T7.2,T7.3
T7.3,T7.4
D1.2,T8.1
T2.1,T8.1
G2.2.10,T8.2
T3.4,T8.2
T6.5,T8.3
T8.2,T8.3
N3.3.1,T9.1
T2.4,T9.1
T2.7,T9.1
T2.6,T9.2
T9.1,T9.2
T3.6,T9.3
T9.2,T9.3
A4.3.7,T10.1.1
S2.2.1,T10.1.1
B10.3.2,T10.1.2
S2.2.1,T10.1.2
O5.1.1,T10.2.1
S3.2,T10.2.1
D12.5,T10.2.2
T10.2.1,T10.2.2
C18.5,T10.3.1
C6.1,T10.4.1
A8.1.2,T10.4.2
T3.1,T10.4.2
A7.3.1,T10.4.3
C5.1,T10.4.3
T10.2.1,T10.4.4
U1.1,U1.2
U1.1,U1.3
U1.3,U1.4
U1.4,U1.5
A2.1.2,U1.6
U1.1,U1.6
U1.4,U1.7
U1.6,U1.8
U1.7,U1.9
U1.9,U1.10
C4.5,U1.11
U1.10,U1.11
U1.11,U1.12
U1.11,U1.13
U1.13,U1.14
U1.13,U1.15
U1.14,U1.16
U1.10,U1.17
U1.10,U1.18
U1.5,U1.19
B1.1,U2.1
F3.1,U2.2
F3.2,U2.2
F3.3,U2.2
F3.4,U2.2
F3.5,U2.2
F3.6,U2.2
O1.1,U2.3
O1.2,U2.3
O1.3,U2.3
O1.4,U2.3
O1.5,U2.3
O1.6,U2.3
U2.3,U2.4
A2.5.2,U2.5
U2.2,U2.5
S1.6,U2.6
U2.1,U2.6
U2.1,U2.7
R13.2,U2.8
U2.6,U2.9
A7.1.6,U3.2
U3.1,U3.2
U3.2,U3.3
U3.1,U3.4
U3.1,U3.5
U5.1,U3.5
U3.3,U3.6
U3.4,U3.6
U3.4,U3.7
U3.1,U3.8
U4.1,U3.8
N1.3,U3.9
U3.1,U3.9
U3.1,U4.1
U4.1,U4.2
U1.15,U4.4
U4.3,U4.4
U4.3,U4.5
U4.3,U4.6
N1.3,U4.7
U3.6,U4.8
U4.1,U4.9
U4.1,U4.10
U4.1,U4.11
U4.3,U4.12
U4.8,U4.12
U1.16,U5.1
U1.16,U5.2
U5.2,U5.3
U5.1,U5.4
U1.16,U5.5
C8.6,U5.6
M7.2,U5.7
U5.4,U5.7
U4.4,U5.8
U5.4,U5.8
C13.4,U6.2
U6.1,U6.2
U6.1,U6.3
U6.1,U6.4
U6.4,U6.5
U6.1,U6.6
U6.1,U6.7
U7.1,U7.2
U7.3,U7.4
U7.3,U7.5
U7.1,U7.6
U7.1,U7.7
U7.3,U7.9
U7.1,U7.10
U1.19,U8.1
U8.1,U8.2
U8.3,U8.4
B4.4,U8.5
U8.4,U8.5
U9.1,U9.2
U9.1,U9.3
U3.1,U9.4
U9.1,U9.4
U9.1,U9.5
U3.1,U10.1
U3.1,U10.2
U3.1,U10.3
U10.1,U10.4
U10.2,U10.4
U10.3,U10.4
U10.4,U10.5
U4.1,U10.5
U10.4,U10.6
U11.1,U11.2
U11.1,U11.3
U11.1,U11.4
U11.1,U11.5
U11.3,U11.6
L1.1,V1.1
V1.1,V1.2
V1.2,V1.3
V1.2,V1.4
V1.2,V1.5
V1.1,V2.1
H3.4,V2.2
V2.1,V2.2
V2.2,V2.3
V2.2,V2.4
L9.4,V2.5
V2.2,V2.5
L4.3,V3.1
V1.2,V3.1
V3.1,V3.2
V3.1,V3.3
B11.3,V3.4
V1.4,V3.4
H16.2,V3.5
V3.1,V3.5
L2.4,V4.1
V1.3,V4.1
L8.3,V4.2
V4.1,V4.2
A9.1.1,V4.3
V4.2,V4.3
O4.1.2,V4.4
V4.2,V4.4
U5.2,V5.1
K7.1,V5.2
V5.1,V5.2
V5.1,V5.3
N5.3,V5.4
V5.3,V5.4
V5.1,V5.5
U4.10,V6.1
N5.5,V6.2
V6.2,V6.3
K7.3,V6.4
V6.1,V6.4
L10.1,V6.6
V6.1,V6.6
V1.3,V7.1
H12.1,V7.2
V7.1,V7.2
H14.1,V7.3
V7.1,V7.3
H9.1,V7.4
V7.1,V7.4
V7.3,V7.5
V1.1,V8.1
V8.1,V8.2
U5.2,V8.3
V8.1,V8.3
H2.3,V8.4
V8.1,V8.4
O10.4,V8.5
V8.1,V8.5
E1.5,W1.1
W1.1,W1.2
W1.1,W1.3
W1.2,W1.4
E1.7,W2.1
B2.1.2,W2.2
E1.7,W2.2
E1.7,W2.3
W2.2,W2.4
G9.6,W3.1
G2.1.5,W3.2
W3.2,W3.3
G2.1.6,W3.4
E4.6,W4.1
E3.9,W4.2
W4.1,W4.2
E5.3,W4.3
G1.10,W4.3
E2.5,W4.4
W4.1,W4.4
W4.4,W4.5
W4.5,W4.6
W5.1,W5.2
W5.1,W5.3
U7.10,W5.4
W5.3,W5.5
A4.3.4,W5.6
W5.1,W5.6
W5.1,W6.1
H6.2,W6.2
W6.1,W6.2
W6.1,W6.3
O11.2,W6.4
W6.1,W6.4
W6.1,W6.5
Q3.7,W7.1
W7.1,W7.2
A4.3.4,W7.3
W7.2,W7.3
Q3.7,W7.4
K7.1,W7.5
W7.3,W7.5
W7.2,W7.6
O6.4,W8.1
W5.1,W8.1
O11.5,W8.2
W8.1,W8.2
